Name,Stock on hand,categ_id/id,type
185/60 VR14 AR-20,15 ,Bridgestone,Stockable Product
185/60 VR15 AR-20,17 ,Bridgestone,Stockable Product
185/65 HR14 AR-20,10 ,Bridgestone,Stockable Product
185/65 HR14 PLATINUM,8 ,Achilles,Stockable Product
185/65 HR15 PLATINUM,15 ,Achilles,Stockable Product
185/65 HR15 SP300 DUNLOP,6 ,Dunlop,Stockable Product
185/65 R14 EP150,25 ,Bridgestone,Stockable Product
185/65 R15 EP150,6 ,Bridgestone,Stockable Product
185/65 R15 EP-MPV1,34 ,Bridgestone,Stockable Product
185/65 R15 TECHNO  10,10 ,Bridgestone,Stockable Product
185/65 SR14 B-250,13 ,Bridgestone,Stockable Product
185/65 SR14 SP65E DUNLOP,12 ,Dunlop,Stockable Product
185/65 SR15 B-250,2 ,Bridgestone,Stockable Product
185/65 SR15 SP10 DUNLOP,10 ,Dunlop,Stockable Product
185/65 SR15 SP-65E DUNLOP,1 ,Dunlop,Stockable Product
185/65 VR15 AR-20,46 ,Bridgestone,Stockable Product
185/70 HR14 AR-20,10 ,Bridgestone,Stockable Product
185/70 HR14 PLATINUM,7 ,Achilles,Stockable Product
185/70 HR14 SP10 DUNLOP,2 ,Dunlop,Stockable Product
185/70 R13 EP150,34 ,Bridgestone,Stockable Product
185/70 R14 EP150,58 ,Bridgestone,Stockable Product
185/70 R14 EP-MPV1,49 ,Bridgestone,Stockable Product
185/70 R14 TECHNO 10,61 ,Bridgestone,Stockable Product
185/70 SR14 B-250,15 ,Bridgestone,Stockable Product
185/70 SR14 TOURING DUNLOP,1 ,Dunlop,Stockable Product
185/80 R14 EP150,42 ,Bridgestone,Stockable Product
185/80 SR14 S-248,1 ,Bridgestone,Stockable Product
185/80 SR14 SP10 DUNLOP,6 ,Dunlop,Stockable Product
195 R 14 8 PR R-624,7 ,Bridgestone,Stockable Product
195 R14 8PR B-623,4 ,Bridgestone,Stockable Product
195/45 R16  ATR SPORT,4 ,Achilles,Stockable Product
195/50 R16 ER33,7 ,Bridgestone,Stockable Product
195/50 R16 MY02,0 ,Bridgestone,Stockable Product
195/50 VR15 AR-20,26 ,Bridgestone,Stockable Product
195/50 VR15 ATR SPORT,8 ,Achilles,Stockable Product
195/50 VR16 AR-20,11 ,Bridgestone,Stockable Product
195/50 VR16 ATR SPORT,0 ,Achilles,Stockable Product
195/55 HR15 LM703 DUNLOP,9 ,Dunlop,Stockable Product
195/55 R15 ATR SPORT2,0 ,Achilles,Stockable Product
195/55 R15 R-30,1 ,Bridgestone,Stockable Product
195/55 R16 EP150,13 ,Bridgestone,Stockable Product
195/55 VR15 AR-20,14 ,Bridgestone,Stockable Product
195/55 VR15 ATR SPORT,10 ,Achilles,Stockable Product
195/55 VR15 ER-30,9 ,Bridgestone,Stockable Product
195/55 VR16 ATR SPORT,8 ,Achilles,Stockable Product
195/55 VR16 ER-30,4 ,Bridgestone,Stockable Product
195/55 VR16 LM703 DUNLOP,9 ,Dunlop,Stockable Product
195/55 ZR16 AR-20,23 ,Bridgestone,Stockable Product
195/60 HR14 PLATINUM,6 ,Achilles,Stockable Product
195/60 HR15 ATR SPORT,6 ,Achilles,Stockable Product
195/60 HR15 LM703 DUNLOP,1 ,Dunlop,Stockable Product
195/60 HR15 PLATINUM,8 ,Achilles,Stockable Product
195/60 R16 EP150,5 ,Bridgestone,Stockable Product
195/60 SR15 ER-60,1 ,Bridgestone,Stockable Product
195/60 WR15 RE-002 ADRENALIN,6 ,Bridgestone,Stockable Product
195/60 ZR14 AR-20,15 ,Bridgestone,Stockable Product
195/60 ZR15 AR-20,9 ,Bridgestone,Stockable Product
195/65 HR14 AR-20,19 ,Bridgestone,Stockable Product
195/65 HR15 ER-60,1 ,Bridgestone,Stockable Product
195/65 HR15 LM703 DUNLOP,1 ,Dunlop,Stockable Product
195/65 HR15 PLATINUM,4 ,Achilles,Stockable Product
195/65 HR15 SP31 DUNLOP,1 ,Dunlop,Stockable Product
195/65 R14 EP150,13 ,Bridgestone,Stockable Product
195/65 R15 EP150,19 ,Bridgestone,Stockable Product
195/65 SR14 B-250,11 ,Bridgestone,Stockable Product
195/65 SR15 B-250,1 ,Bridgestone,Stockable Product
195/65 VR15 AR-20,9 ,Bridgestone,Stockable Product
195/65 VR15 SP230 DUNLOP,5 ,Dunlop,Stockable Product
195/70 HR14 AR-20,15 ,Bridgestone,Stockable Product
195/70 HR14 PLATINUM,6 ,Achilles,Stockable Product
195/70 R14 EP150,14 ,Bridgestone,Stockable Product
195/70 R14 TECHNO 10,16 ,Bridgestone,Stockable Product
195/70 SR14 B-250,0 ,Bridgestone,Stockable Product
195/70 SR14 SP70E DUNLOP,4 ,Dunlop,Stockable Product
195/70 SR14 T-70,4 ,Bridgestone,Stockable Product
195/80 SR15 D684,6 ,Bridgestone,Stockable Product
205/40 R17 ACHILLES 2233,7 ,Achilles,Stockable Product
205/40 R17 MY02,34 ,Bridgestone,Stockable Product
205/40 WR17 ATR SPORT,6 ,Achilles,Stockable Product
205/40 WR17 RE 002 ADRENALIN,6 ,Bridgestone,Stockable Product
205/45 R17 ACHILLES 2233,3 ,Achilles,Stockable Product
205/45 R17 MY02,4 ,Bridgestone,Stockable Product
205/45 WR17 ATR SPORT,6 ,Achilles,Stockable Product
205/45 WR17 RE-002 ADRENALIN,10 ,Bridgestone,Stockable Product
205/50 R16 MY02,12 ,Bridgestone,Stockable Product
205/50 R17 ACHILLES 2233,2 ,Achilles,Stockable Product
205/50 WR16 RE-002 ADRENALIN,8 ,Bridgestone,Stockable Product
205/50 WR17 ATR SPORT,4 ,Achilles,Stockable Product
205/55 HR16 ATR SPORT,3 ,Achilles,Stockable Product
205/55 R16 ACHILLES 2233,7 ,Achilles,Stockable Product
205/55 R16 MY02,9 ,Bridgestone,Stockable Product
205/55 VR16 AR-20,11 ,Bridgestone,Stockable Product
205/55 VR16 SP01 DUNLOP,10 ,Dunlop,Stockable Product
205/55 WR16 RE-002 ADRENALIN,6 ,Bridgestone,Stockable Product
205/60 HR15 PLATINUM,6 ,Achilles,Stockable Product
205/60 HR15 RE-002 ADRENALIN,4 ,Bridgestone,Stockable Product
205/60 R16 ER300,4 ,Bridgestone,Stockable Product
205/60 VR15 AR-20,22 ,Bridgestone,Stockable Product
205/60 ZR16 AR-20,14 ,Bridgestone,Stockable Product
205/65 HR15 D80V4 DUNLOP,12 ,Dunlop,Stockable Product
205/65 HR15 PLATINUM,8 ,Achilles,Stockable Product
205/65 HR15 S-325,4 ,Bridgestone,Stockable Product
205/65 R15 EP 150,70 ,Bridgestone,Stockable Product
205/65 R15 EP-MPV1,52 ,Bridgestone,Stockable Product
205/65 R15 SP TOURING,2 ,Dunlop,Stockable Product
205/65 R16 B390 IMPORT,3 ,Bridgestone,Stockable Product
205/65 SR15 B-250,1 ,Bridgestone,Stockable Product
205/65 SR15 B-390,6 ,Bridgestone,Stockable Product
205/65 VR15 AR-20,14 ,Bridgestone,Stockable Product
205/65 VR15 ER30,5 ,Bridgestone,Stockable Product
205/70 SR15 D-684,10 ,Bridgestone,Stockable Product
205/70 SR15 D-687 OWT,1 ,Bridgestone,Stockable Product
205/70 SR15 D-687 RBT,10 ,Bridgestone,Stockable Product
215/35 WR18 ATR SPORT,9 ,Achilles,Stockable Product
215/40 R17 MY-02,7 ,Bridgestone,Stockable Product
215/40 R18 MY-02,10 ,Bridgestone,Stockable Product
215/40 WR18 ATR SPORT,18 ,Achilles,Stockable Product
215/45 R17 ACHILLES 2233,4 ,Achilles,Stockable Product
215/45 R17 MY02,9 ,Bridgestone,Stockable Product
215/45 WR17 ATR SPORT,7 ,Achilles,Stockable Product
215/45 WR17 RE-002 ADRENALIN,2 ,Bridgestone,Stockable Product
215/50 R17 ACHILLES 2233,6 ,Achilles,Stockable Product
215/50 VR17 AR-20,11 ,Bridgestone,Stockable Product
215/50 WR17 ATR SPORT,4 ,Achilles,Stockable Product
215/55 R17 MY02,6 ,Bridgestone,Stockable Product
215/55 R18 RE-002 ADRENALIN,7 ,Bridgestone,Stockable Product
215/55 VR16 AR-20,19 ,Bridgestone,Stockable Product
215/55 VR17 AR-20,12 ,Bridgestone,Stockable Product
215/55 VR17 ER-33,4 ,Bridgestone,Stockable Product
215/55 WR16 RE-002 ADRENALIN,6 ,Bridgestone,Stockable Product
215/55 WR17 ATR SPORT,4 ,Achilles,Stockable Product
215/60 HR16 RE-002 ADRENALIN,4 ,Bridgestone,Stockable Product
215/60 HR17 D-687,6 ,Bridgestone,Stockable Product
215/60 VR16 AR-20,8 ,Bridgestone,Stockable Product
215/60 VR16 ATR SPORT,6 ,Achilles,Stockable Product
215/65 HR16 D-684,8 ,Bridgestone,Stockable Product
215/65 HR16 D-689,12 ,Bridgestone,Stockable Product
215/65 HR16 ST20 DUNLOP,8 ,Dunlop,Stockable Product
215/65 SR16 ST20 DUNLOP,10 ,Dunlop,Stockable Product
215/65 VR15 AR-20,3 ,Bridgestone,Stockable Product
215/65 VR16 AR-20,4 ,Bridgestone,Stockable Product
215/70 HR15 GR50,12 ,Bridgestone,Stockable Product
215/70 R16 MA-707 MAXXIS,8 ,Ban Campuran ,Stockable Product
215/70 SR15 D-689,7 ,Bridgestone,Stockable Product
215/70 SR16 D-687,6 ,Bridgestone,Stockable Product
225/40 R18 ACHILLES 2233,6 ,Achilles,Stockable Product
225/40 SR18 707 DUNLOP,1 ,Dunlop,Stockable Product
225/40 WR18 RE-002 ADRENALIN,2 ,Bridgestone,Stockable Product
225/40 WR18 RE-050 RFT,2 ,Bridgestone,Stockable Product
225/45 R17 MY02,10 ,Bridgestone,Stockable Product
225/45 VR17 RFT RE 050,6 ,Bridgestone,Stockable Product
225/45 WR 17 RE050 A RFT,0 ,Bridgestone,Stockable Product
225/45 WR17 ATR SPORT,10 ,Achilles,Stockable Product
225/45 WR17 RE-002 ADRENALIN,5 ,Bridgestone,Stockable Product
225/45 WR18 RE-002 ADRENALIN,4 ,Bridgestone,Stockable Product
225/45 ZR17 2233 ACHILLES,9 ,Achilles,Stockable Product
225/50 R17 ATR SPORT,3 ,Achilles,Stockable Product
225/50 VR16 AR-20,9 ,Bridgestone,Stockable Product
225/50 VR17 AR-20,13 ,Bridgestone,Stockable Product
225/50 WR 16 RE-002 ADRENALIN,6 ,Bridgestone,Stockable Product
225/55 R17 ATR SPORT,4 ,Achilles,Stockable Product
225/55 R17 MY02,17 ,Bridgestone,Stockable Product
225/55 VR16 AR-20,10 ,Bridgestone,Stockable Product
225/55 VR16 ATR SPORT,6 ,Achilles,Stockable Product
225/55 VR17 AR-20,11 ,Bridgestone,Stockable Product
225/55 WR17 RE-002 ADRENALIN,3 ,Bridgestone,Stockable Product
225/55 WR17 SP270 DUNLOP,2 ,Dunlop,Stockable Product
225/60 HR18 DHPSJZ,5 ,Bridgestone,Stockable Product
225/60 R16 AR-20,6 ,Bridgestone,Stockable Product
225/60 R18 DUNLOP MAX050,1 ,Dunlop,Stockable Product
225/65 HR17 D697 OWT,10 ,Bridgestone,Stockable Product
225/65 SR17 D-687,8 ,Bridgestone,Stockable Product
225/65 TR17 D-470,15 ,Bridgestone,Stockable Product
225/65 TR17 ST30 DUNLOP,7 ,Dunlop,Stockable Product
225/70 SR16 AT20 DUNLOP,2 ,Dunlop,Stockable Product
235/50 R18 ATR SPORT 2,4 ,Achilles,Stockable Product
235/50 VR18 DESERT HAWK,1 ,Achilles,Stockable Product
235/50 WR18 RE-002 ADRENALIN,8 ,Bridgestone,Stockable Product
235/55 HR18 DESERT HAWK,1 ,Achilles,Stockable Product
235/55 R18 RE031,6 ,Bridgestone,Stockable Product
235/55 VR18 VEURO302 DUNLOP,15 ,Dunlop,Stockable Product
235/60 HR16 D-687,14 ,Bridgestone,Stockable Product
235/60 R 17 MAXXIS 707,5 ,Ban Campuran ,Stockable Product
235/60 SR16 ST20 DUNLOP,10 ,Dunlop,Stockable Product
235/70 R15 D-697 OWT,9 ,Bridgestone,Stockable Product
235/70 R16 DESERT HAWK,2 ,Achilles,Stockable Product
235/70 SR15 D-683,10 ,Bridgestone,Stockable Product
235/70 SR15 D-694 RBT,1 ,Bridgestone,Stockable Product
235/70 VR15 TG30 DUNLOP,4 ,Dunlop,Stockable Product
235/75 R15 D-674 OWT,5 ,Bridgestone,Stockable Product
235/75 SR15 D-689,4 ,Bridgestone,Stockable Product
235/75 SR15 D-697 OWT,8 ,Bridgestone,Stockable Product
235/75 SR15 TG20 DUNLOP,5 ,Dunlop,Stockable Product
245/40 R20 DERERT HAWK UHP,3 ,Achilles,Stockable Product
245/45 R17 ATR SPORT,4 ,Achilles,Stockable Product
245/45 R18 MY-02,18 ,Bridgestone,Stockable Product
245/45 WR17 RE-002 ADRENALIN,8 ,Bridgestone,Stockable Product
245/70 R16 D-674,6 ,Bridgestone,Stockable Product
245/70 R16 D697 OWT,9 ,Bridgestone,Stockable Product
255/45 R20 DESERT HAWK,5 ,Achilles,Stockable Product
255/60 R18 D-684 IMPORT,2 ,Bridgestone,Stockable Product
255/70 HR16 AT20 DUNLOP,2 ,Dunlop,Stockable Product
265/65 HR17 D-684,17 ,Bridgestone,Stockable Product
265/65 R17 D697 OWT,15 ,Bridgestone,Stockable Product
265/70 HR16 D-680,4 ,Bridgestone,Stockable Product
265/70 R16 DESERT HAWK,8 ,Achilles,Stockable Product
265/70 SR16 D-694 OWT,2 ,Bridgestone,Stockable Product
265/75 R16 D-674 OWT,1 ,Bridgestone,Stockable Product
275/70 R16 D697 OWT,4 ,Bridgestone,Stockable Product
30 X 9.5 R15 D-674 OWT,6 ,Bridgestone,Stockable Product
30 X 9.5 R15 D-697 OWT,6 ,Bridgestone,Stockable Product
30 X9.5 R15 D-673 OWT,4 ,Bridgestone,Stockable Product
31 X 10.5 R15 D-674 OWT,4 ,Bridgestone,Stockable Product
31 X 10.5 R15 D-697 OWT,10 ,Bridgestone,Stockable Product
550-13 8PR MR,8 ,Bridgestone,Stockable Product
600-13 8PR MR,3 ,Bridgestone,Stockable Product
700-14 8PR MR,6 ,Bridgestone,Stockable Product
750-15 12PR MRD,8 ,Bridgestone,Stockable Product
750-16 14PR MRN,6 ,Bridgestone,Stockable Product
ARAL BLUE TRONIC SAE 10/40 LITER,56 ,Oli,Stockable Product
ARAL HIGH TRONIC SAE 5/30 LITER,73 ,Oli,Stockable Product
ARAL TOP ATF LITER,2 ,Oli,Stockable Product
BM 1 SYNTETIC  OIL PC 3000 SAE 15/50 LITER,39 ,Oli,Stockable Product
BM 1 SYNTETIC DIESEL OIL PC 4000,22 ,Oli,Stockable Product
BM 1 SYNTETIC MOTOR OIL SAE 10/40 LITER,16 ,Oli,Stockable Product
BUSI CHAMPION F 14 Y,2 ,Busi,Stockable Product
BUSI CHAMPION RN 9 YC,3 ,Busi,Stockable Product
BUSI DAIHATSU BKUR6EK,8 ,Busi,Stockable Product
BUSI DAIHATSU K20TNR-S,10 ,Busi,Stockable Product
BUSI DENSO INDIRUM IW16#4 5305 # 4,4 ,Busi,Stockable Product
BUSI DENSO K16PR-U11,0 ,Busi,Stockable Product
BUSI DENSO K16R-U,2 ,Busi,Stockable Product
BUSI DENSO K20HR-U11,12 ,Busi,Stockable Product
BUSI DENSO K20PR-U,2 ,Busi,Stockable Product
BUSI DENSO K20PRU-11,0 ,Busi,Stockable Product
BUSI DENSO K20PR-U11,31 ,Busi,Stockable Product
BUSI DENSO K20TNR-S,16 ,Busi,Stockable Product
BUSI DENSO KJ20CR-L11,36 ,Busi,Stockable Product
BUSI DENSO W16EXR-U11,0 ,Busi,Stockable Product
BUSI DENSO W16EX-U,10 ,Busi,Stockable Product
BUSI DENSO W20EP-U,17 ,Busi,Stockable Product
BUSI DENSO W20EX-U,27 ,Busi,Stockable Product
BUSI DENSO XU22PR9,30 ,Busi,Stockable Product
BUSI FORD AYFS22CB,8 ,Busi,Stockable Product
BUSI FORD YF10-18-110,8 ,Busi,Stockable Product
BUSI FORD ZZC2-18-110A,8 ,Busi,Stockable Product
BUSI HONDA 98079-5514G ZFR5F-11,5 ,Busi,Stockable Product
BUSI NGK BKR5E,11 ,Busi,Stockable Product
BUSI NGK BKR5E-11,15 ,Busi,Stockable Product
BUSI NGK BKR6E,6 ,Busi,Stockable Product
BUSI NGK BKR6E-11,23 ,Busi,Stockable Product
BUSI NGK BP5ES,18 ,Busi,Stockable Product
BUSI NGK BP5EY,16 ,Busi,Stockable Product
BUSI NGK BP6ES,12 ,Busi,Stockable Product
BUSI NGK BPR5EY-11,6 ,Busi,Stockable Product
BUSI NGK G POWER BPR 6EGP/SET,10 ,Busi,Stockable Product
BUSI NGK G POWER ZFR 6FGP/SET,4 ,Busi,Stockable Product
BUSI NGK IRIDIUM ZFR5FIX-11,4 ,Busi,Stockable Product
BUSI NGK IRIDIUM ZFR6FIX-11/SET,4 ,Busi,Stockable Product
BUSI NGK LFR6C-11,20 ,Busi,Stockable Product
BUSI NGK SPC DCPR7EA-9,16 ,Busi,Stockable Product
BUSI NGK ZFR5F-11,60 ,Busi,Stockable Product
BUSI NISAN NGK LZKAR6 AP-11 LIVINA1500,8 ,Busi,Stockable Product
BUSI NISSAN MARCH 22401-1HM1B,4 ,Busi,Stockable Product
BUSI NISSAN NGK LFR5A-11 XTRAIL MATIC LAMA,20 ,Busi,Stockable Product
BUSI SPLITFIRE SF 392 D,3 ,Busi,Stockable Product
BUSI TOYOTA K16RU-11,120 ,Busi,Stockable Product
BUSI TOYOTA K20HR-U11,56 ,Busi,Stockable Product
BUSI TOYOTA K20PR-U,65 ,Busi,Stockable Product
BUSI TOYOTA W16EXR-U,10 ,Busi,Stockable Product
BUSI TOYOTA W16EXR-U11,84 ,Busi,Stockable Product
BUSI TOYOTA W16EX-U,16 ,Busi,Stockable Product
CALTEX DELO GOLD SAE 15/40 GALON,2 ,Oli,Stockable Product
CALTEX HAVOLINE MOTOR OIL SAE 20/50 GALON,1 ,Oli,Stockable Product
CALTEX HAVOLINE MOTOR OIL SAE 20/50 LITER,1 ,Oli,Stockable Product
CALTEX HAVOLINE SAE 10/40 LITER,6 ,Oli,Stockable Product
CAR CARE AIR ACCU,60 ,Car Care,Stockable Product
CAR CARE ALLOYGATOR,4 ,Car Care,Stockable Product
CAR CARE AMWAY CAR WASH,25 ,Car Care,Stockable Product
CAR CARE AMWAY GREEN MEADOWS,25 ,Car Care,Stockable Product
CAR CARE AMWAY SILICONE GLAZE,7 ,Car Care,Stockable Product
CAR CARE ARMORALL 532 ML,8 ,Car Care,Stockable Product
CAR CARE CARRERA DASHBOARD CLANER 175 ML,5 ,Car Care,Stockable Product
CAR CARE CARRERA POLISH & WAX 225 GRM,12 ,Car Care,Stockable Product
CAR CARE CARRERA WASH & GLOSS 400 ML,2 ,Car Care,Stockable Product
CAR CARE CARRERA WASH & GLOSS POUCH 800 ML,47 ,Car Care,Stockable Product
CAR CARE CARRERA WASH & GLOW 1000 ML,5 ,Car Care,Stockable Product
CAR CARE CARRERA WIFER WASH 250 ML,11 ,Car Care,Stockable Product
CAR CARE CARRERA XP 1000 200 ML,5 ,Car Care,Stockable Product
CAR CARE HONDA RADIATOR COOLANT LITER,21 ,Car Care,Stockable Product
CAR CARE JAMUR KACA CEMPAKA,127 ,Car Care,Stockable Product
CAR CARE JET CLEAN DIESEL PURGING SYSTEM,32 ,Car Care,Stockable Product
CAR CARE KANEBO,38 ,Car Care,Stockable Product
CAR CARE KIT BLACK MAGIC 400 ML,17 ,Car Care,Stockable Product
CAR CARE KIT PASTE WAX 225 GR,19 ,Car Care,Stockable Product
CAR CARE KIT VINNYL HIGH GLOSS,15 ,Car Care,Stockable Product
CAR CARE KIT WASH & GLOW 800 ML,29 ,Car Care,Stockable Product
CAR CARE KIT WASH N WAX 800 ML,0 ,Car Care,Stockable Product
CAR CARE KIT WIFER FLUID 500 ML,89 ,Car Care,Stockable Product
CAR CARE KIT WIPER FLUID 300 ML,53 ,Car Care,Stockable Product
CAR CARE MEGA COOL  RADIATOR,65 ,Car Care,Stockable Product
CAR CARE MEGA COOLS RADIATOR COOLANT,16 ,Car Care,Stockable Product
CAR CARE NEOZONE,7 ,Car Care,Stockable Product
CAR CARE NULON,6 ,Car Care,Stockable Product
CAR CARE PENTIL BESI,500 ,Car Care,Stockable Product
CAR CARE PENTIL KARET,"5,000 ",Car Care,Stockable Product
CAR CARE PRESTONE RADIATOR FLUSH 325 ML,48 ,Car Care,Stockable Product
CAR CARE SEMIR BAN PELANGI,111 ,Car Care,Stockable Product
CAR CARE STP ENGINE FLUSH 450 ML,8 ,Car Care,Stockable Product
CAR CARE STP OCTANE BOOSTER 155 ML,110 ,Car Care,Stockable Product
CAR CARE STP OCTANE BOOSTER 354 ML,7 ,Car Care,Stockable Product
CAR CARE STP POWER STERING 354 ML,73 ,Car Care,Stockable Product
CAR CARE TOP 1 HI-TEMP GREASE 454 GRAM,89 ,Car Care,Stockable Product
CAR CARE TOP 1 POWER BOOSTER 500 ML,11 ,Car Care,Stockable Product
CAR CARE TOP 1 RADIATOR COOLANT GALON,17 ,Car Care,Stockable Product
CAR CARE TOP 1 RADIATOR COOLANT LITER,244 ,Car Care,Stockable Product
CAR CARE TURTE WAX METALLIC 473 ML,4 ,Car Care,Stockable Product
CAR CARE VIP TIRE POLISH,9 ,Car Care,Stockable Product
CAR CARE WACXO TAR BUGS REMOVER 550ML,1 ,Car Care,Stockable Product
CAR CARE WAXCO ANTI RUSH ENGINE 350 GRAM,28 ,Car Care,Stockable Product
CAR CARE WAXCO AUTO COKPIT 250 ML,78 ,Car Care,Stockable Product
CAR CARE WAXCO AUTO FRESH 200 ML,10 ,Car Care,Stockable Product
CAR CARE WAXCO AUTO GUARD 320 ML,15 ,Car Care,Stockable Product
CAR CARE WAXCO AUTO SILOCONE 300 ML,31 ,Car Care,Stockable Product
CAR CARE WAXCO GLASS CLEAN POLISH COMPOUND 200 ML,57 ,Car Care,Stockable Product
CAR CARE WAXCO LUSTER 911 530 ML,4 ,Car Care,Stockable Product
CAR CARE WAXCO PREMIUM METALIC WAX,24 ,Car Care,Stockable Product
CAR CARE WAXCO TAR REMOVER,1 ,Car Care,Stockable Product
CAR CARE WAXCO TOUGH STAIN 500 GRAM,78 ,Car Care,Stockable Product
CAR CARE WAXCO TYRE SHINE 250 ML,54 ,Car Care,Stockable Product
CAR CARE WAXCOTECH SPORT RIM,6 ,Car Care,Stockable Product
"CAR CARE WIFER HELLA 16""",60 ,Car Care,Stockable Product
"CAR CARE WIFER HELLA 18""",40 ,Car Care,Stockable Product
"CAR CARE WIFER HELLA 19""",69 ,Car Care,Stockable Product
"CAR CARE WIFER HELLA 20""",23 ,Car Care,Stockable Product
"CAR CARE WIFER HELLA 21""",55 ,Car Care,Stockable Product
CAR CARE WIPER SWISS REFIL (BANANA),18 ,Car Care,Stockable Product
CAR CARE WIPER SWISS REFIL 85610,20 ,Car Care,Stockable Product
CAR CARE WIPER SWISS REFIL AS47 (BELAKANG),20 ,Car Care,Stockable Product
CAR CARE WIPER SWISS REFILL 63610,40 ,Car Care,Stockable Product
CASTROL ATF,68 ,Oli,Stockable Product
CASTROL BRAKE FLUID DOT 3,33 ,Oli,Stockable Product
CASTROL BRAKE FLUID DOT 4,7 ,Oli,Stockable Product
CASTROL CRB PLUS SAE 20/40 LITER,5 ,Oli,Stockable Product
CASTROL EDGE SAE 5/40 LITER,33 ,Oli,Stockable Product
CASTROL EP 90,0 ,Oli,Stockable Product
CASTROL GTX DIESEL 15/40 GALON,10 ,Oli,Stockable Product
CASTROL GTX DIESEL 15W/40 LITER,48 ,Oli,Stockable Product
CASTROL GTX SAE 15/50 GALON,2 ,Oli,Stockable Product
CASTROL GTX SAE 15/50 LITER,0 ,Oli,Stockable Product
CASTROL MAGNATEC DIESEL 10/30 GALON,27 ,Oli,Stockable Product
CASTROL MAGNATEC DIESEL 10/30 LITER,94 ,Oli,Stockable Product
CASTROL MAGNATEC SAE 10/30 LITER,0 ,Oli,Stockable Product
CASTROL MAGNATEC SAE 10/40 GALON,3 ,Oli,Stockable Product
CASTROL MAGNATEC SAE 10/40 LITER,172 ,Oli,Stockable Product
CASTROL MAGNATEC SAE 5/30 LITER,69 ,Oli,Stockable Product
CASTROL MTF,150 ,Oli,Stockable Product
CASTROL STOP START DIESEL 10W30 GALON,27 ,Oli,Stockable Product
CASTROL STOP START SAE 10/30 GALON,11 ,Oli,Stockable Product
CASTROL STOP START SAE 10/30 LITER,202 ,Oli,Stockable Product
CHEVROLET FILTER OLIE 9214-2009,3 ,Spare Part,Stockable Product
CHEVROLET OIL FILTER 1#92142009,4 ,Spare Part,Stockable Product
CHEVROLET OIL FILTER 93743595,3 ,Spare Part,Stockable Product
CHEVROLET OIL FILTER(GM)18-94461-250-0,1 ,Spare Part,Stockable Product
DAIHATSU ABSORBER ASSY 48510-BZ160-001/PCS,2 ,Spare Part,Stockable Product
DAIHATSU ABSORBER ASSY SHOCK 48520-BZ160-001,0 ,Spare Part,Stockable Product
DAIHATSU ABSORBER BELAKANG 48531-BZ120-001,0 ,Spare Part,Stockable Product
DAIHATSU ABSORBER DEPAN 31210-BZ010-001,0 ,Spare Part,Stockable Product
DAIHATSU ABSORBER DEPAN 48510-BZ160-001,3 ,Spare Part,Stockable Product
DAIHATSU ABSORBER DEPAN 48520-BZ090-001,2 ,Spare Part,Stockable Product
DAIHATSU ABSORBER RR 48531 BZ 060 -001,0 ,Spare Part,Stockable Product
DAIHATSU AIR FILTER 17801-87301-001,0 ,Spare Part,Stockable Product
DAIHATSU AIR FILTER 17801-87401-008,0 ,Spare Part,Stockable Product
DAIHATSU AIR FILTER 17801-87717-001,1 ,Spare Part,Stockable Product
DAIHATSU AIR FILTER 17801-BZ010-008,6 ,Spare Part,Stockable Product
DAIHATSU AIR FILTER 17801-BZ050-001,16 ,Spare Part,Stockable Product
DAIHATSU AIR FILTER 17801-BZ080-001,21 ,Spare Part,Stockable Product
DAIHATSU BEARING CLUTCH 31230-BZ010-001,1 ,Spare Part,Stockable Product
DAIHATSU BEARING NTN NEP50-003A-6XENIA 1.0,0 ,Spare Part,Stockable Product
DAIHATSU BRAKE SHOE 04495-87601-008,1 ,Spare Part,Stockable Product
DAIHATSU BRAKE SHOE RR/04465 BZ100-001,0 ,Spare Part,Stockable Product
DAIHATSU CLUTCH HG CBU 442822 GTC,0 ,Spare Part,Stockable Product
DAIHATSU CLUTCH OIL 48531-BZ120-001,0 ,Spare Part,Stockable Product
DAIHATSU COVER CLUTCH 31210-BZ081-001,0 ,Spare Part,Stockable Product
DAIHATSU DISC ASSY CLUTCH 31250-BZ080-001,0 ,Spare Part,Stockable Product
DAIHATSU DISC CLUTCH 31250-BZ010-001,1 ,Spare Part,Stockable Product
DAIHATSU END TIEROD 555 XENIA 1.0,0 ,Spare Part,Stockable Product
DAIHATSU FANBELT 9.5 X 690,2 ,Spare Part,Stockable Product
DAIHATSU FANBELT 9004A-91033-001 TERIOS,1 ,Spare Part,Stockable Product
DAIHATSU FANBELT AC REMF-1275,2 ,Spare Part,Stockable Product
DAIHATSU FANBELT XENIA 9004A-91017-001,4 ,Spare Part,Stockable Product
DAIHATSU FANBELT XENIA POWER STEERING 3PK625,5 ,Spare Part,Stockable Product
DAIHATSU FILTER UDARA 17801-BZ080-001,0 ,Spare Part,Stockable Product
DAIHATSU FILTER UDARA 17801-BZ080-001,1 ,Spare Part,Stockable Product
DAIHATSU FUEL FILTER 23300-87503-008,0 ,Spare Part,Stockable Product
DAIHATSU KOPLING SET LUXIO,1 ,Spare Part,Stockable Product
DAIHATSU KOPLING SET TERIOS,4 ,Spare Part,Stockable Product
DAIHATSU MASTER REM TRW PMH729 (TARUNA),0 ,Spare Part,Stockable Product
DAIHATSU OIL FILTER 15601-87204-008,0 ,Spare Part,Stockable Product
DAIHATSU OIL FILTER 15601-87309-008,6 ,Spare Part,Stockable Product
DAIHATSU OIL FILTER 15601-87702-001,7 ,Spare Part,Stockable Product
DAIHATSU OIL FILTER 15601-87702-008,18 ,Spare Part,Stockable Product
DAIHATSU OIL FILTER 15601-87706-008,25 ,Spare Part,Stockable Product
DAIHATSU OIL FILTER 15601-BZ010-001,59 ,Spare Part,Stockable Product
DAIHATSU PAD KIT 04465 BZ130 -008,6 ,Spare Part,Stockable Product
DAIHATSU PAD KIT 04465-BZ100-001,2 ,Spare Part,Stockable Product
DAIHATSU PAD KIT 04491-87702-008,1 ,Spare Part,Stockable Product
DAIHATSU RACK END 555 XENIA 1.0,2 ,Spare Part,Stockable Product
DAIHATSU SHOCK ABSORBER 48520-BZ120-001,1 ,Spare Part,Stockable Product
DAIHATSU SHOE KIT 04495-BZ100-008,2 ,Spare Part,Stockable Product
DAIHATSU SHOES KIT04495-BZ050-001,0 ,Spare Part,Stockable Product
DAIHATSU TENSIONER NEP50-003A-6,2 ,Spare Part,Stockable Product
DAIHATSU TENSIONER NTN NEP50-003A-6,2 ,Spare Part,Stockable Product
DAIHATSU TIEROD 555 (XENIA 1.0),0 ,Spare Part,Stockable Product
DAIHATSU TIMING BELT XENIA 1.0 13568-B9140-001,3 ,Spare Part,Stockable Product
DAIHATSU XENIA CLUTCH COVER  31250 -BZ010-001,0 ,Spare Part,Stockable Product
DAIHATSUH  AIR FILTER 17801-BZ010-00,0 ,Spare Part,Stockable Product
DENSO CAP RADIATOR JK022510-1570,3 ,Spare Part,Stockable Product
DENSO MOTOR ASSY AE263500-6080,2 ,Spare Part,Stockable Product
"DURATION AIR FILTER AFH4-RB6-Z00 JAZZ,FREED",0 ,Spare Part,Stockable Product
DURATION AIR FILTER AFH4-REA-00,2 ,Spare Part,Stockable Product
DURATION AIR FILTER AFNI-ED000-00,0 ,Spare Part,Stockable Product
DURATION AIR FILTER AFS4-65J00-00 VITARA,0 ,Spare Part,Stockable Product
DURATION AIR FILTER AFTO-0C010-00  INNOVA,0 ,Spare Part,Stockable Product
DURATION AIR FILTER AFTO-0M020-00 NEW VIOS DAN YAR,0 ,Spare Part,Stockable Product
"DURATION AIR FILTER AFTO-16020-00  XENIA,AVANZA",0 ,Spare Part,Stockable Product
DURATION AIR FILTER AFTO-21030-00 VIOS,2 ,Spare Part,Stockable Product
"DURATION AIR FILTER AFTO-BZ050-00 RUSH,AVANZA",0 ,Spare Part,Stockable Product
FORD AIR FILTER WE01-13 Z40 MC,1 ,Spare Part,Stockable Product
FORD AIR FILTER WL51-14-Z40 MC,0 ,Spare Part,Stockable Product
FORD OIL FILTER 1S7G-6714-DAMC,4 ,Spare Part,Stockable Product
FORD OIL FILTER 7S7G 6714 AAT,5 ,Spare Part,Stockable Product
FORD OIL FILTER AFL 4,1 ,Spare Part,Stockable Product
FORD OIL FILTER L321-14-302 MC,1 ,Spare Part,Stockable Product
FORD OIL FILTER WE01-14-302 MC,0 ,Spare Part,Stockable Product
FORD OIL FILTER WL51-14-302 MC,12 ,Spare Part,Stockable Product
FORD OIL FILTER WL51-14-302T,2 ,Spare Part,Stockable Product
FORD OIL FILTER WL84-14-302 MC,4 ,Spare Part,Stockable Product
FORD OIL FILTER YF 09-14 302 MC,3 ,Spare Part,Stockable Product
FORD OIL FILTER YF09-14-302 MC,1 ,Spare Part,Stockable Product
FORD OLI FILTER AFC 6 MC,0 ,Spare Part,Stockable Product
GS 555-59,2 ,Accu,Stockable Product
GS 55D23L,6 ,Accu,Stockable Product
GS 580-24C,0 ,Accu,Stockable Product
GS 95D31L,1 ,Accu,Stockable Product
GS MF 34 B 19L,3 ,Accu,Stockable Product
GS MF 40 ZL,0 ,Accu,Stockable Product
GS MF 80D26L,2 ,Accu,Stockable Product
GS MF N 50 Z,3 ,Accu,Stockable Product
GS MF NS 40,0 ,Accu,Stockable Product
GS MF NS 40 Z,1 ,Accu,Stockable Product
GS MF NS 40 ZL,3 ,Accu,Stockable Product
GS MF NS 60,10 ,Accu,Stockable Product
GS MF NS 60 L,10 ,Accu,Stockable Product
GS MF NS 60 LS,5 ,Accu,Stockable Product
GS MF NS 60 S,1 ,Accu,Stockable Product
GS MF NS 70,4 ,Accu,Stockable Product
GS N 100,2 ,Accu,Stockable Product
GS N 50 ZL,2 ,Accu,Stockable Product
GS N 70,1 ,Accu,Stockable Product
GS N 70 Z,2 ,Accu,Stockable Product
GS N 70 ZL,1 ,Accu,Stockable Product
GS NS 40,2 ,Accu,Stockable Product
GS NS 40 Z,4 ,Accu,Stockable Product
GS NS 40 ZLS,2 ,Accu,Stockable Product
GS NS 60,3 ,Accu,Stockable Product
GS NS 60 L,0 ,Accu,Stockable Product
GS NS 60 LS,1 ,Accu,Stockable Product
GS NS 60 S,3 ,Accu,Stockable Product
GS NS 70,2 ,Accu,Stockable Product
GS NS 70 L,1 ,Accu,Stockable Product
HONDA AIR FILTER 17220 P2M YOO,0 ,Spare Part,Stockable Product
HONDA AIR FILTER 17220 PE3 601,0 ,Spare Part,Stockable Product
HONDA AIR FILTER 17220 PM3 YO1,0 ,Spare Part,Stockable Product
HONDA AIR FILTER 17220 PNB 400,2 ,Spare Part,Stockable Product
HONDA AIR FILTER 17220 PNB YO1,0 ,Spare Part,Stockable Product
HONDA AIR FILTER 17220 PO7 T00,0 ,Spare Part,Stockable Product
HONDA AIR FILTER 17220 POC YOO,1 ,Spare Part,Stockable Product
HONDA AIR FILTER 17220 PT3 TOO,0 ,Spare Part,Stockable Product
HONDA AIR FILTER 17220 RB6 Z00,31 ,Spare Part,Stockable Product
HONDA AIR FILTER 17220 REA Z00,2 ,Spare Part,Stockable Product
HONDA AIR FILTER 17220 REA ZA1,0 ,Spare Part,Stockable Product
HONDA AIR FILTER 17220-P2F-505,0 ,Spare Part,Stockable Product
HONDA AIR FILTER 17220-PF00-J00,1 ,Spare Part,Stockable Product
HONDA AIR FILTER 17220-PLD-Y00,0 ,Spare Part,Stockable Product
HONDA AIR FILTER 17220-R6A-J00,1 ,Spare Part,Stockable Product
HONDA AIR FILTER 17220-RZA-400,3 ,Spare Part,Stockable Product
HONDA AIR FILTER 17220-RZA-YOO,7 ,Spare Part,Stockable Product
HONDA AIR FILTER 17220-RZP-YOO,1 ,Spare Part,Stockable Product
HONDA AIR FILTER 172220 PLC YOO,0 ,Spare Part,Stockable Product
HONDA AIR FILTER 17720-R5A-JOO,1 ,Spare Part,Stockable Product
HONDA ATF Z1 LITER,87 ,Oli,Stockable Product
HONDA BRAKE FLUID DOT 3,98 ,Oli,Stockable Product
HONDA BRAKE PAD 06450-SEL-TO1,2 ,Spare Part,Stockable Product
HONDA BRAKE PAD 43022-SFE-N00,0 ,Spare Part,Stockable Product
HONDA BRAKE PAD 43022-SR3-601,0 ,Spare Part,Stockable Product
HONDA BRAKE PAD 45022 - S5A - J00,3 ,Spare Part,Stockable Product
HONDA BRAKE PAD 45022 S04 V10 (HPM),1 ,Spare Part,Stockable Product
HONDA BRAKE PAD 45022 S7A E00 (STREAM),0 ,Spare Part,Stockable Product
HONDA BRAKE PAD 45022- S9A -A01,0 ,Spare Part,Stockable Product
HONDA BRAKE PAD 45022 SE2  T01,0 ,Spare Part,Stockable Product
HONDA BRAKE PAD 45022 SEL P01,0 ,Spare Part,Stockable Product
HONDA BRAKE PAD 45022 -SEL- TO1,3 ,Spare Part,Stockable Product
HONDA BRAKE PAD 45022-S04-V10,1 ,Spare Part,Stockable Product
HONDA BRAKE PAD 45022-S5B-JOO (JAZZ),3 ,Spare Part,Stockable Product
HONDA BRAKE PAD 45022-S5B-P01,1 ,Spare Part,Stockable Product
HONDA BRAKE PAD 45022-S7A-E00 (ODDYSEY),1 ,Spare Part,Stockable Product
HONDA BRAKE PAD 45022-SEL-T02,1 ,Spare Part,Stockable Product
HONDA BRAKE PAD 45022-SGZ-T01,1 ,Spare Part,Stockable Product
HONDA BRAKE PAD 45022-SNB -000,0 ,Spare Part,Stockable Product
HONDA BRAKE PAD 45022-SR3 G01,6 ,Spare Part,Stockable Product
HONDA BRAKE PAD 45022-TFO-YOO,0 ,Spare Part,Stockable Product
HONDA BRAKE PAD 45022-TGO-TOO ( JAZZ RS},1 ,Spare Part,Stockable Product
HONDA BRAKE PAD A 377 K(JEPANG),3 ,Spare Part,Stockable Product
HONDA BRAKE PAD CRV(9G08) 06450-S9A-A01,0 ,Spare Part,Stockable Product
HONDA BRAKE PAD CRV(AL6064)45022-S9A A01,0 ,Spare Part,Stockable Product
HONDA BRAKE PAD KIT 45022-SHJ-A51,1 ,Spare Part,Stockable Product
HONDA BRAKE SHOE 01431-SAE-T01,1 ,Spare Part,Stockable Product
HONDA BRAKE SHOE 01432-SAE-T01,1 ,Spare Part,Stockable Product
HONDA BRAKE SHOE 43022 SR3-GO1,1 ,Spare Part,Stockable Product
HONDA BRAKE SHOE 43022-S9A-010 ALL NEW CRV,0 ,Spare Part,Stockable Product
HONDA BRAKE SHOE 43153-S AA-POI,3 ,Spare Part,Stockable Product
HONDA BRAKE SHOE 43153-S10-A01,2 ,Spare Part,Stockable Product
HONDA CVTF GALON,52 ,Oli,Stockable Product
HONDA E PRO MOTOR OIL SAE 5/30 GALON,41 ,Oli,Stockable Product
HONDA E PRO MOTOR OIL SAE 5/30 LITER,106 ,Oli,Stockable Product
HONDA END TIEROD 555,0 ,Spare Part,Stockable Product
HONDA FANBELT 38920-RBO-004,0 ,Spare Part,Stockable Product
HONDA FANBELT JAZZ/CITY 38920-REA Z01,0 ,Spare Part,Stockable Product
HONDA FRONT BRAKE SHOE 06450 S04 V10,0 ,Spare Part,Stockable Product
HONDA FRONT BRAKE SHOE 45022 SR3 G01,0 ,Spare Part,Stockable Product
HONDA FUEL FILTER JAZZ/CITY 16010-SAA-000,1 ,Spare Part,Stockable Product
HONDA FUEL PUMP 195130-2181 ND,1 ,Spare Part,Stockable Product
HONDA KOPLING SET JAZZ RS,0 ,Spare Part,Stockable Product
HONDA LOWER ARM 51360-SAA-EO1,0 ,Spare Part,Stockable Product
HONDA MTF LITER,72 ,Oli,Stockable Product
HONDA OIL FILTER 15400 PHI- 014,0 ,Spare Part,Stockable Product
HONDA OIL FILTER 15400 PLC 014,0 ,Spare Part,Stockable Product
HONDA OIL FILTER 15400 PR3 004,0 ,Spare Part,Stockable Product
HONDA OIL FILTER 15400-RK9-F01,51 ,Spare Part,Stockable Product
HONDA PSF-S LITER,40 ,Oli,Stockable Product
HONDA SAKLAR SON JAZZ 35255-S5A-J12,1 ,Spare Part,Stockable Product
HONDA SHOCK ABSORBER 52610-SAE-T11/PCS,0 ,Spare Part,Stockable Product
HONDA SHOCK ABSORBER 54605/51606 SAE T02/PCS,0 ,Spare Part,Stockable Product
HONDA SHOCK BREKER BLKG 52611-SWK-K31,0 ,Spare Part,Stockable Product
HONDA SUPPORT 51920-SWA-AO1,0 ,Spare Part,Stockable Product
HONDA SUPPORT 51920-TG0-TO1 (JAZZ),5 ,Spare Part,Stockable Product
HONDA SUPPORT SHOCKBREAKER JAZZ 51920-SAA-015,4 ,Spare Part,Stockable Product
HONDA TIE ROD END 555 (CRV),2 ,Spare Part,Stockable Product
HYUNDAI (GM) A 104-180-01-09,3 ,Spare Part,Stockable Product
HYUNDAI (GM) OIL FILTER 9214 2009,0 ,Spare Part,Stockable Product
HYUNDAI AIR FILTER 2811337101,4 ,Spare Part,Stockable Product
HYUNDAI OIL FILTER (DIESEL) 26300-42040,2 ,Spare Part,Stockable Product
HYUNDAI OIL FILTER (GM)93745067,2 ,Spare Part,Stockable Product
HYUNDAI OIL FILTER 26300 02500,0 ,Spare Part,Stockable Product
HYUNDAI OIL FILTER 26300 02500 YG 1,12 ,Spare Part,Stockable Product
HYUNDAI OIL FILTER 26300 02501,0 ,Spare Part,Stockable Product
HYUNDAI OIL FILTER 26300 24500314,5 ,Spare Part,Stockable Product
HYUNDAI OIL FILTER 26300-35056 YG 1,17 ,Spare Part,Stockable Product
HYUNDAI OIL FILTER 26300-35501,2 ,Spare Part,Stockable Product
HYUNDAI OIL FILTER 26300-35502,0 ,Spare Part,Stockable Product
HYUNDAI OIL FILTER 26300-35503,1 ,Spare Part,Stockable Product
ISUZU AIR FILTER 1694156 052 0,5 ,Spare Part,Stockable Product
ISUZU AIR FILTER 1694250 720 0,5 ,Spare Part,Stockable Product
ISUZU AIR FILTER 1694334 906 0,16 ,Spare Part,Stockable Product
ISUZU BALL JOINT UPPER 555 SB-5143 (PANTHER),2 ,Spare Part,Stockable Product
ISUZU BRAKE PAD 18 97033 999 B,3 ,Spare Part,Stockable Product
ISUZU BRAKE SHOE 18 94479 709 B,1 ,Spare Part,Stockable Product
ISUZU BRAKE SHOE 18 97033 999 B,0 ,Spare Part,Stockable Product
ISUZU CROSS ROD 555 PANTHER (SC-5140),2 ,Spare Part,Stockable Product
ISUZU DRAG LINK / CROSS ROD 555 SC-5340 (PANTHER),1 ,Spare Part,Stockable Product
ISUZU FUEL FILTER 16 13240 023 0,10 ,Spare Part,Stockable Product
ISUZU IDLE ARM 555 PANTHER (SI-5290),2 ,Spare Part,Stockable Product
ISUZU KALIFER KIT SP-A248PG,1 ,Spare Part,Stockable Product
ISUZU KARET STRUT BAR 8-94223-699-0,5 ,Spare Part,Stockable Product
ISUZU OIL FILTER  16-97309-927-0,102 ,Spare Part,Stockable Product
ISUZU OIL FILTER 16 13211 018 0,4 ,Spare Part,Stockable Product
ISUZU OIL FILTER 16-94334-946-0,3 ,Spare Part,Stockable Product
ISUZU OIL FILTER 16-94430983-1,10 ,Spare Part,Stockable Product
ISUZU OIL FILTER 18-97329 911 A,10 ,Spare Part,Stockable Product
ISUZU OIL FILTER 18-97329-911-A,9 ,Spare Part,Stockable Product
"ISUZU PANTHER PINTRACK ""TEZUKA""",1 ,Spare Part,Stockable Product
ISUZU REPAIR KIT 18-94461-250-0,0 ,Spare Part,Stockable Product
ISUZU SHOCK ABSORBER 18-97014-042-0,1 ,Spare Part,Stockable Product
ISUZU SHOCK ABSORBER 18-97014-043-0,0 ,Spare Part,Stockable Product
ISUZU TIE ROD 555 SE-5281R/L (PANTHER),2 ,Spare Part,Stockable Product
KIA AIR FILTER 0K 2A5 1 3Z0 A,1 ,Spare Part,Stockable Product
KIA AIR FILTER 28113-02510,1 ,Spare Part,Stockable Product
KIA AIR FILTER K247 13 Z40,1 ,Spare Part,Stockable Product
KIA AIR FILTER OK558 13 Z 40,0 ,Spare Part,Stockable Product
KIA FUEL FILTER K240 20 490,0 ,Spare Part,Stockable Product
KIA OIL FILTER 0 JE15-14-302,0 ,Spare Part,Stockable Product
KIA OIL FILTER 26300 02501,6 ,Spare Part,Stockable Product
KIA OIL FILTER 26300 42020,0 ,Spare Part,Stockable Product
KIA OIL FILTER 26300 42040 314 CARNIVAL,0 ,Spare Part,Stockable Product
KIA OIL FILTER 26300-02502-80,1 ,Spare Part,Stockable Product
KIA OIL FILTER 26300-2Y500314,0 ,Spare Part,Stockable Product
KIA OIL FILTER OB631 14 302,0 ,Spare Part,Stockable Product
KIA OIL FILTER OJE15143 02314,3 ,Spare Part,Stockable Product
KOYO BEARING DG358028W2RSHR4CA,2 ,Spare Part,Stockable Product
KOYO BEARINGS 6201 2RS,1 ,Spare Part,Stockable Product
KOYO CBU442822,3 ,Spare Part,Stockable Product
LAMPU CHIYODA 12V 18/6W,12 ,Lampu,Stockable Product
LAMPU FALCON H3C 12V 55W,1 ,Lampu,Stockable Product
LAMPU FLOSSER 12V/10W,17 ,Lampu,Stockable Product
LAMPU FORCH 12V 21/5W,0 ,Lampu,Stockable Product
LAMPU FORCH H4 BOHLAM 60/55,6 ,Lampu,Stockable Product
LAMPU FORCH HIR H4 BOHLAM 100/90,2 ,Lampu,Stockable Product
LAMPU FORCH T20 BOHLAM 21/5,5 ,Lampu,Stockable Product
LAMPU KOITO 12V 21/5W 1891,19 ,Lampu,Stockable Product
LAMPU KOITO 12V/5W 1881,9 ,Lampu,Stockable Product
LAMPU OSRAM H11,5 ,Lampu,Stockable Product
LAMPU OSRAM H11 55W,4 ,Lampu,Stockable Product
LAMPU OSRAM H8,1 ,Lampu,Stockable Product
LAMPU OSRAM H8 12V 35W,2 ,Lampu,Stockable Product
LAMPU PHILIPS 12258 H1 12V 55W 914.5S,10 ,Lampu,Stockable Product
LAMPU PHILIPS 12336 H3 12V 55W PK225,0 ,Lampu,Stockable Product
LAMPU PHILIPS 12342 H4 12V 60/55W P43T-38,61 ,Lampu,Stockable Product
LAMPU PHILIPS 12455 H3 12V 100W PK22S,5 ,Lampu,Stockable Product
LAMPU PHILIPS 12459 RA H4 130/100W P43T-38,6 ,Lampu,Stockable Product
LAMPU PHILIPS 12498 P21W 12V 21W BAI5S,16 ,Lampu,Stockable Product
LAMPU PHILIPS 12499 P21/5W 12V 21/5W BAY15D,19 ,Lampu,Stockable Product
LAMPU PHILIPS 12569 H4 12V 100/90W P43T-38,16 ,Lampu,Stockable Product
LAMPU PHILIPS 12814 R 10 W,28 ,Lampu,Stockable Product
LAMPU PHILIPS 12961 W5W,30 ,Lampu,Stockable Product
LAMPU PHILIPS 12972 H7 12V 55 W PX26D,2 ,Lampu,Stockable Product
LAMPU PHILIPS 9005 HB3 12V 65W P20D,8 ,Lampu,Stockable Product
LAMPU PHILIPS 9006 HB4 12V 55W P22D,6 ,Lampu,Stockable Product
LAMPU PHILIPS H11 12V 55 W,55 ,Lampu,Stockable Product
LAMPU PHILIPS H11 12V 55W,0 ,Lampu,Stockable Product
LAMPU PHILIPS R5W 12V 5W BA15S,2 ,Lampu,Stockable Product
LAMPU S&N H11,2 ,Lampu,Stockable Product
LAMPU STANLEY 12V 21/6CP,2 ,Lampu,Stockable Product
LAMPU STANLEY 12V 25/6W,8 ,Lampu,Stockable Product
LAMPU STANLEY B2 12V 216CP,27 ,Lampu,Stockable Product
LAMPU STAP STARK-T 11-1576-01-6B,2 ,Lampu,Stockable Product
LAMPU WUERTH HALOGEN 12V-55W 9006-HB4,3 ,Lampu,Stockable Product
LAMPU WUERTH HALOGEN 12V-55W H11,1 ,Lampu,Stockable Product
LAMPU WURTH 9005 HB3 12V 65W,1 ,Lampu,Stockable Product
LAMPU WURTH RAPID WINDSCREEN 30ML,33 ,Lampu,Stockable Product
MAZDA AIR FILTER AE 14180,0 ,Spare Part,Stockable Product
MAZDA AIR FILTER FS05 13 Z40,0 ,Spare Part,Stockable Product
MAZDA AIR FILTER ZJ01-13-Z40,1 ,Spare Part,Stockable Product
MAZDA BRAKE PAD DNY03328Z9MC,0 ,Spare Part,Stockable Product
MAZDA FILTER OIL 1714387-BM5G 6714AA,4 ,Spare Part,Stockable Product
MAZDA OIL FILTER AJ04 14 302B,0 ,Spare Part,Stockable Product
MAZDA OIL FILTER B6Y114 302A,10 ,Spare Part,Stockable Product
MERCEDES OIL FILTER A 104 180 01 09,3 ,Spare Part,Stockable Product
MITSHUBISHI  MR  552951,2 ,Spare Part,Stockable Product
MITSUBISHI AIR FILTER 1500A098,1 ,Spare Part,Stockable Product
MITSUBISHI AIR FILTER MD 603354,0 ,Spare Part,Stockable Product
MITSUBISHI AIR FILTER MD 603629,0 ,Spare Part,Stockable Product
MITSUBISHI AIR FILTER MD 603816,0 ,Spare Part,Stockable Product
MITSUBISHI AIR FILTER MD 620508,0 ,Spare Part,Stockable Product
MITSUBISHI AIR FILTER MD 627045,0 ,Spare Part,Stockable Product
MITSUBISHI AIR FILTER ML 603446 A,2 ,Spare Part,Stockable Product
MITSUBISHI AIR FILTER MR 497118,0 ,Spare Part,Stockable Product
MITSUBISHI AIR FILTER MR 552951,1 ,Spare Part,Stockable Product
MITSUBISHI AIR FILTER MR 571471,1 ,Spare Part,Stockable Product
MITSUBISHI BRAKE PAD 4605A284,1 ,Spare Part,Stockable Product
MITSUBISHI BRAKE PAD 4605A284 AI,7 ,Spare Part,Stockable Product
MITSUBISHI BRAKE PAD MZ690186 (GRANDIS),1 ,Spare Part,Stockable Product
MITSUBISHI FUEL FILTER 1770A053B,3 ,Spare Part,Stockable Product
MITSUBISHI FUEL FILTER MB 220900,0 ,Spare Part,Stockable Product
MITSUBISHI FUEL FILTER ME 006066,0 ,Spare Part,Stockable Product
MITSUBISHI FUEL FILTER ME 971550,1 ,Spare Part,Stockable Product
MITSUBISHI FUEL FILTER ME 971553,0 ,Spare Part,Stockable Product
MITSUBISHI OIL FILTER 1230A045A,16 ,Spare Part,Stockable Product
MITSUBISHI OIL FILTER MD 017440,6 ,Spare Part,Stockable Product
MITSUBISHI OIL FILTER MD 069782,0 ,Spare Part,Stockable Product
MITSUBISHI OIL FILTER MD 084693,8 ,Spare Part,Stockable Product
MITSUBISHI OIL FILTER MD 326489,0 ,Spare Part,Stockable Product
MITSUBISHI OIL FILTER MD 341081,20 ,Spare Part,Stockable Product
MITSUBISHI OIL FILTER MD084693,6 ,Spare Part,Stockable Product
MITSUBISHI OIL FILTER MD356000,2 ,Spare Part,Stockable Product
MITSUBISHI OIL FILTER ME 004099,7 ,Spare Part,Stockable Product
MITSUBISHI OIL FILTER ME 201871,0 ,Spare Part,Stockable Product
MOBIL 1 ATF LITER,21 ,Oli,Stockable Product
MOBIL 1 DELVAC SAE 15/40 GALON,2 ,Oli,Stockable Product
MOBIL 1 DELVAC SAE 15/40 LITER,59 ,Oli,Stockable Product
MOBIL 1 GEAR DRUM,181 ,Oli,Stockable Product
MOBIL 1 SUPER 1000 SAE 15/40 GALON,88 ,Oli,Stockable Product
MOBIL 1 SUPER 1000 SAE 15/40 LITER,59 ,Oli,Stockable Product
MOBIL 1 SUPER 2000 SAE 10/40 GALON,27 ,Oli,Stockable Product
MOBIL 1 SUPER 2000 SAE 10/40 LITER,138 ,Oli,Stockable Product
MOBIL 1 SUPERSYNT SAE 5/50 LITER,36 ,Oli,Stockable Product
MOBIL 1 SUPERSYTN SAE 5/50 GALON,4 ,Oli,Stockable Product
MOBIL I SPECIAL 5W/30 LITER,45 ,Oli,Stockable Product
MOTUL 300 V CRONO SAE 10/40 GALON,2 ,Oli,Stockable Product
MOTUL 8100 X-CESS  SAE 5/40 LITER,0 ,Oli,Stockable Product
MOTUL 90 PA GEAR LITER,3 ,Oli,Stockable Product
MOTUL ATF-1A,20 ,Oli,Stockable Product
MOTUL HD X GEAR LITER,72 ,Oli,Stockable Product
MOTUL HI-TECH 100 PLUS SAE 10/40 LITER,30 ,Oli,Stockable Product
MOTUL HI-TECH 100 PLUS SAE 5/30 GALON,0 ,Oli,Stockable Product
MOTUL HI-TECH 100 PLUS SAE 5/30 LITER,25 ,Oli,Stockable Product
MOTUL MULTI GRADE 10W 40 GALON,6 ,Oli,Stockable Product
MOTUL MULTI GRADE 10W 40 LITER,155 ,Oli,Stockable Product
MOTUL MULTI POWER FLUS SAE 10/40 LITER,131 ,Oli,Stockable Product
MOTUL MULTI POWER PLUS SAE 10/40 GALON,39 ,Oli,Stockable Product
MOTUL MULTI POWER SAE 15/50 LITER,65 ,Oli,Stockable Product
MOTUL SPECIFIC CRDI SAE 5/40 GALON,3 ,Oli,Stockable Product
MOTUL SPECIFIC CRDI SAE 5/40 LITER,41 ,Oli,Stockable Product
MOTUL SYNERGI 6100 SAE 10/40 GALON,38 ,Oli,Stockable Product
MOTUL SYNERGI 6100 SAE 10/40 LITER,0 ,Oli,Stockable Product
MOTUL SYNERGI 6100 SAE 15/50 GALON (2 LTR),24 ,Oli,Stockable Product
MOTUL TEXMA MEGA X GALON (5 L),11 ,Oli,Stockable Product
MOTUL TEXMA MEGA X SAE 15/40 LITER,23 ,Oli,Stockable Product
MOTUL TRD DIESEL 5W40 GALON,3 ,Oli,Stockable Product
MOTUL TRD DIESEL 5W40 LITER,5 ,Oli,Stockable Product
MOTUL TRD GASOLINE 5W40 GALON,1 ,Oli,Stockable Product
MOTUL TRD GASOLINE 5W40 LITER,20 ,Oli,Stockable Product
NIISSAN BRAKE PAD D-1060-0 W7X5,1 ,Spare Part,Stockable Product
NISAN AIR FILTER 16546-1HCOA,0 ,Spare Part,Stockable Product
NISSAN AIR FILTER 16546 ED 000,0 ,Spare Part,Stockable Product
NISSAN AIR FILTER 16546-74S00,0 ,Spare Part,Stockable Product
NISSAN BRAKE PAD 44060811385 BESAR,0 ,Spare Part,Stockable Product
NISSAN BRAKE PAD 44060811385 KECIL,0 ,Spare Part,Stockable Product
NISSAN BRAKE PAD D1M6M- 1FA0A,1 ,Spare Part,Stockable Product
NISSAN BRAKE PAD D4060 - ZW80A,1 ,Spare Part,Stockable Product
NISSAN BRAKE PAD KIT 41060-8H386,0 ,Spare Part,Stockable Product
NISSAN BRAKE PAD KIT D1060-EE52A,0 ,Spare Part,Stockable Product
NISSAN BRAKE PAD MRD1830 MET,2 ,Spare Part,Stockable Product
NISSAN BRAKE SHOE D 1060-1FA0A,0 ,Spare Part,Stockable Product
NISSAN BRAKE SHOE G LIVINA (44060-EN-026),1 ,Spare Part,Stockable Product
NISSAN FUEL FILTER 16402 0WOXO,0 ,Spare Part,Stockable Product
NISSAN FUEL FILTER L 321 14302,0 ,Spare Part,Stockable Product
NISSAN OIL FILTER 15208-65F0A,21 ,Spare Part,Stockable Product
NISSAN OIL FILTER 15208-W1190,2 ,Spare Part,Stockable Product
NISSAN PAD KIT DISC D1060 1FA0A,0 ,Spare Part,Stockable Product
PARFUME CALIFORNIA,43 ,Car Care,Stockable Product
PARFUME DORFREE 11 ML,22 ,Car Care,Stockable Product
PARFUME DORFREE GANTUNG,39 ,Car Care,Stockable Product
PARFUME GLADE ,9 ,Car Care,Stockable Product
PARFUME LITTLE TRESS,49 ,Car Care,Stockable Product
PARFUME STELLA  ,44 ,Car Care,Stockable Product
PERTAMINA FASTRON SAE 10/40  LITER,135 ,Oli,Stockable Product
PERTAMINA FASTRON SAE 10/40 GALON,16 ,Oli,Stockable Product
PERTAMINA FASTRON SAE 20/50 LITER,0 ,Oli,Stockable Product
PERTAMINA FASTRON TECHNO 15W50 GALON,13 ,Oli,Stockable Product
PERTAMINA FASTRON TECHNO 15W50 LTR,33 ,Oli,Stockable Product
PERTAMINA MEDITRAN SC SAE 15/40 GALON,14 ,Oli,Stockable Product
PERTAMINA MEDITRAN SC SAE 15/40 LITER,6 ,Oli,Stockable Product
PERTAMINA MEDITRAN SX SAE 15/40 GALON,13 ,Oli,Stockable Product
PERTAMINA MEDITRAN SX SAE 15/40 LITER,21 ,Oli,Stockable Product
PERTAMINA MESRAN SUPER SAE 20/50 GALON,0 ,Oli,Stockable Product
PERTAMINA MESRAN SUPER SAE 20/50 LITER,9 ,Oli,Stockable Product
PERTAMINA PRIMA XP 10/40 GALON,26 ,Oli,Stockable Product
PERTAMINA PRIMA XP 10/40 LITER,23 ,Oli,Stockable Product
PERTAMINA PRIMA XP SAE 20/50 GALON,25 ,Oli,Stockable Product
PERTAMINA PRIMA XP SAE 20/50 LITER,48 ,Oli,Stockable Product
PERTAMINA RORED DRUM,290 ,Oli,Stockable Product
PERTAMINA RORED SAE 140 GALON,2 ,Oli,Stockable Product
PERTAMINA RORED SAE 90 GALON,5 ,Oli,Stockable Product
PETRONAS MOTOCLUB CS3 SAE 15/40 GALON,3 ,Oli,Stockable Product
PETRONAS MOTOCLUB CS3 SAE 15/40 LITER,2 ,Oli,Stockable Product
PETRONAS SYNTIUM 3000 SAE 5/40 LITER,4 ,Oli,Stockable Product
PETRONAS SYNTIUM 800 SM SAE 10/40 GALON,0 ,Oli,Stockable Product
PETRONAS SYNTIUM 800 SM SAE 10/40 LITER,29 ,Oli,Stockable Product
Q8 ADVANCED 10W 40 LTR,44 ,Oli,Stockable Product
Q8 FORMULA  EXEL 5W-40 LTR,10 ,Oli,Stockable Product
Q8 FORMULA EXEL DIESEL SAE 5W/40 LITER,10 ,Oli,Stockable Product
Q8 SG LONG LIFE SAE 5W/30 LITER,30 ,Oli,Stockable Product
Q8 SPECIAL 5W 30 LTR,0 ,Oli,Stockable Product
Q8 V FORMULA LONG LIFE 5 W 30 LITER,21 ,Oli,Stockable Product
REPSOL DIESEL SUPER TURBO SAE 15/40 GALON,3 ,Oli,Stockable Product
REPSOL ELITE INJECTION SAE 10/40 GALON,0 ,Oli,Stockable Product
REPSOL ELITE INJECTION SAE 10/40 LITER,10 ,Oli,Stockable Product
REPSOL ELITE MULTIVALVULAS SAE 10/40 LITER,0 ,Oli,Stockable Product
REPSOL ELITE SUPER SAE 20/50 GALON,0 ,Oli,Stockable Product
REPSOL ELITE SUPER SAE 20/50 LITER,7 ,Oli,Stockable Product
SAKURA AIR FIKTER 17801-22020 (A-1180),0 ,Spare Part,Stockable Product
SAKURA AIR FILTER (A-1407),18 ,Spare Part,Stockable Product
SAKURA AIR FILTER (A-1762),2 ,Spare Part,Stockable Product
SAKURA AIR FILTER 1500A098(A-1517),11 ,Spare Part,Stockable Product
SAKURA AIR FILTER 16546-ED000 (A-1878),22 ,Spare Part,Stockable Product
SAKURA AIR FILTER 16546-V0100 X-TRAIL (A-1818),10 ,Spare Part,Stockable Product
SAKURA AIR FILTER 17220-PLD-YOO (A-1646),0 ,Spare Part,Stockable Product
SAKURA AIR FILTER 17220-PNA -003 (A-1647,0 ,Spare Part,Stockable Product
SAKURA AIR FILTER 17220-RB6-ZOO(A-16810),14 ,Spare Part,Stockable Product
SAKURA AIR FILTER 17220-RZA-Y00 (A-1671),3 ,Spare Part,Stockable Product
SAKURA AIR FILTER 17220-RZP-Y00 ( A-1672),2 ,Spare Part,Stockable Product
SAKURA AIR FILTER 17720 -REA -ZOO(A-1651),4 ,Spare Part,Stockable Product
SAKURA AIR FILTER 17801-06010 (A - 1134),9 ,Spare Part,Stockable Product
SAKURA AIR FILTER 17801-06010(A-5903),13 ,Spare Part,Stockable Product
SAKURA AIR FILTER 17801-0610(A-1134),15 ,Spare Part,Stockable Product
SAKURA AIR FILTER 17801-0C010 INNOVA (A -5903),12 ,Spare Part,Stockable Product
SAKURA AIR FILTER 17801-1003 (A 1129 ),1 ,Spare Part,Stockable Product
SAKURA AIR FILTER 17801-11080 SOLUNA (A-1144),7 ,Spare Part,Stockable Product
SAKURA AIR FILTER 17801-15070 COROLLA (A-1148),22 ,Spare Part,Stockable Product
SAKURA AIR FILTER 17801-16020 (A-1125),2 ,Spare Part,Stockable Product
SAKURA AIR FILTER 17801-20040 ( A-1189 ),0 ,Spare Part,Stockable Product
SAKURA AIR FILTER 17801-21030(A-1178),0 ,Spare Part,Stockable Product
SAKURA AIR FILTER 17801-35030 ( A 1127 ),5 ,Spare Part,Stockable Product
SAKURA AIR FILTER 17801-BZ050(A-3312),24 ,Spare Part,Stockable Product
SAKURA AIR FILTER 17801-OMO20 YARIS (A-3301),36 ,Spare Part,Stockable Product
SAKURA AIR FILTER 23390-0L010 ( F-1111),4 ,Spare Part,Stockable Product
SAKURA AIR FILTER 8914-23-603 ( A-1702 ),2 ,Spare Part,Stockable Product
SAKURA AIR FILTER 8914-23-603 ( A-1702),0 ,Spare Part,Stockable Product
SAKURA AIR FILTER A 1243,2 ,Spare Part,Stockable Product
SAKURA AIR FILTER MD 603446 (A-1014),2 ,Spare Part,Stockable Product
SAKURA AIR FILTER MR 266849/266850 (A-1058),0 ,Spare Part,Stockable Product
SAKURA AIR FILTER RF4F-13-Z40(A-1757 ),1 ,Spare Part,Stockable Product
SAKURA FILTER AC  (CAC 16130),6 ,Spare Part,Stockable Product
SAKURA FILTER AC  (CAC1606),0 ,Spare Part,Stockable Product
SAKURA FILTER AC (CA-14050),0 ,Spare Part,Stockable Product
SAKURA FILTER AC CA 1112 AM,11 ,Spare Part,Stockable Product
SAKURA FILTER AC CA-11160,0 ,Spare Part,Stockable Product
SAKURA FILTER AC CA-1402,0 ,Spare Part,Stockable Product
SAKURA FILTER AC CA-1806,1 ,Spare Part,Stockable Product
SAKURA FUEL FILTER 23303-54011 (FC-1101 ),15 ,Spare Part,Stockable Product
SAKURA FUEL FILTER 23390-0L010 (F-1111),18 ,Spare Part,Stockable Product
SAKURA FUEL FILTER FC-1101,3 ,Spare Part,Stockable Product
SAKURA FUEL FILTER MB 220900 (FC-1001),5 ,Spare Part,Stockable Product
SAKURA OIL FILTER 15600-41010 (C-1104),24 ,Spare Part,Stockable Product
SAKURA OIL FILTER MD 069782 (C-1008-1),5 ,Spare Part,Stockable Product
SHELL ATF LITER,112 ,Oli,Stockable Product
SHELL BRAKE FLUID DOT 3,39 ,Oli,Stockable Product
SHELL HELIX ULTRA SAE 5/40 LITER,21 ,Oli,Stockable Product
SHELL HELIX ULTRA SAE 5W 40 GLN,26 ,Oli,Stockable Product
SHELL HX 3 SAE 20/50 GALON,8 ,Oli,Stockable Product
SHELL HX 3 SAE 20/50 LITER,80 ,Oli,Stockable Product
SHELL HX 5 DIESEL SAE 15/40 GALON,1 ,Oli,Stockable Product
SHELL HX 5 DIESEL SAE 15/40 LITER,147 ,Oli,Stockable Product
SHELL HX 5 SAE 15/50 GALON,115 ,Oli,Stockable Product
SHELL HX 5 SAE 15/50 LITER,80 ,Oli,Stockable Product
SHELL HX 7 DIESEL SAE 10/40 GALON,0 ,Oli,Stockable Product
SHELL HX 7 DIESEL SAE 10/40 LITER,1 ,Oli,Stockable Product
SHELL HX 7 SAE 10/40 GALON,25 ,Oli,Stockable Product
SHELL HX 7 SAE 10/40 LITER,131 ,Oli,Stockable Product
SHELL HX 8  5/30 LITER,103 ,Oli,Stockable Product
SHELL HX 8 5/30 GALON,50 ,Oli,Stockable Product
SHELL RIMULA R4X 15W/40 GALON,13 ,Oli,Stockable Product
SHELL RIMULA R4X 15W/40 LITER,22 ,Oli,Stockable Product
SHELL RIMULA RX3 SAE 15/40 GALON,0 ,Oli,Stockable Product
SHELL RIMULA RX3 SAE 15/40 LITER,3 ,Oli,Stockable Product
SHELL SPIRAX SAE 80/90 GALON,15 ,Oli,Stockable Product
SHELL SPIRAX SAE 80/90 LITER,61 ,Oli,Stockable Product
SUZUKI AIR FILTER 13780 - 60G00,0 ,Spare Part,Stockable Product
SUZUKI AIR FILTER 13780 - 79J00,0 ,Spare Part,Stockable Product
SUZUKI AIR FILTER 13780 54G10 000,0 ,Spare Part,Stockable Product
SUZUKI AIR FILTER 13780 60A00 000,0 ,Spare Part,Stockable Product
SUZUKI AIR FILTER 13780 61J00 000,5 ,Spare Part,Stockable Product
SUZUKI AIR FILTER 13780 77300 000,0 ,Spare Part,Stockable Product
SUZUKI AIR FILTER 13780 77500 000,2 ,Spare Part,Stockable Product
SUZUKI AIR FILTER 13780 78100 000,1 ,Spare Part,Stockable Product
SUZUKI AIR FILTER 13780 M83K00-000,1 ,Spare Part,Stockable Product
SUZUKI AIR FILTER 13780-63J00,3 ,Spare Part,Stockable Product
SUZUKI AIR FILTER 13780-65J00-00,3 ,Spare Part,Stockable Product
SUZUKI AIR FILTER 13780-77E 000,1 ,Spare Part,Stockable Product
SUZUKI AIR FILTER 13780B 775 AO N000,1 ,Spare Part,Stockable Product
SUZUKI AIR FILTER 13780M77MOO N000,10 ,Spare Part,Stockable Product
SUZUKI AIR FILTER ERTIGA-1374 L00N000,2 ,Spare Part,Stockable Product
SUZUKI APV DEK LAHAR NTN FCR 50-30-14,2 ,Spare Part,Stockable Product
SUZUKI BEARING 43462-61J00-000,0 ,Spare Part,Stockable Product
SUZUKI BEARING RODA BELAKANG AERIO 254-23,1 ,Spare Part,Stockable Product
SUZUKI BEARING RODA DEPAN AERIO 10CS74,1 ,Spare Part,Stockable Product
SUZUKI BRAKE PAD 55200-56870-000,1 ,Spare Part,Stockable Product
SUZUKI BRAKE PAD 55200B77310 N000,0 ,Spare Part,Stockable Product
SUZUKI BRAKE PAD 55200B77502 N000,0 ,Spare Part,Stockable Product
SUZUKI BRAKE PAD AERIO MINTEX MDB 2275,1 ,Spare Part,Stockable Product
SUZUKI BRAKE PAD APV (JP) 55210-61J00-000,21 ,Spare Part,Stockable Product
SUZUKI BRAKE PAD BALENO (JP) 55800-61G70-000,0 ,Spare Part,Stockable Product
SUZUKI BRAKE PAD DB1743GCT BENDIX,0 ,Spare Part,Stockable Product
SUZUKI BRAKE PAD GRAND VITARA BENDIX DB 1842GCT,1 ,Spare Part,Stockable Product
SUZUKI BRAKE PAD SWIFT METALLIC 2200 27073,1 ,Spare Part,Stockable Product
SUZUKI BRAKE PAD SX--4 METALIC 2200 27116,0 ,Spare Part,Stockable Product
SUZUKI BRAKE SHOE 53200-61J00-000,0 ,Spare Part,Stockable Product
SUZUKI DEKRUP APV 22100 77510 L 000,2 ,Spare Part,Stockable Product
SUZUKI END TIEROD 45503 B0010 - 000,0 ,Spare Part,Stockable Product
SUZUKI FANBELT 17521-86550L000,1 ,Spare Part,Stockable Product
SUZUKI FUEL FILTER 15410 63401 000,0 ,Spare Part,Stockable Product
SUZUKI FUEL FILTER 15410 77500 000,0 ,Spare Part,Stockable Product
SUZUKI FUEL FILTER 15410-63401 L000,0 ,Spare Part,Stockable Product
SUZUKI FUEL FILTER 15410-77500 L0000,2 ,Spare Part,Stockable Product
SUZUKI INDOPARTS 13780 60G00-000,0 ,Spare Part,Stockable Product
SUZUKI INDOPARTS AIR FILTER 13780-61J00-000,10 ,Spare Part,Stockable Product
SUZUKI INDOPARTS AIR FILTER GRAND VITARA (65J00),0 ,Spare Part,Stockable Product
SUZUKI INDOPARTS AIR FILTER SWIFT,6 ,Spare Part,Stockable Product
SUZUKI INDOPARTS BRAKE SHOE 53200-60841-000,1 ,Spare Part,Stockable Product
SUZUKI MOTORFAN DENSO AE16800-9370 (APV),2 ,Spare Part,Stockable Product
SUZUKI OIL FILTER 16510 61A01 000,34 ,Spare Part,Stockable Product
SUZUKI OIL FILTER 16510 61A30 1,0 ,Spare Part,Stockable Product
SUZUKI OIL FILTER 16510 61JOO 000,103 ,Spare Part,Stockable Product
SUZUKI OIL FILTER 16510 73060L 000,15 ,Spare Part,Stockable Product
SUZUKI OIL FILTER 16510 82700-000,48 ,Spare Part,Stockable Product
SUZUKI OIL FILTER 16510 83012 000,9 ,Spare Part,Stockable Product
SUZUKI OIL FILTER 16510-73002L000,23 ,Spare Part,Stockable Product
SUZUKI OIL FILTER 16510-83010-000,8 ,Spare Part,Stockable Product
SUZUKI OIL FILTER SGP 16510-61A31,2 ,Spare Part,Stockable Product
SUZUKI PLAT KOPLING 22400 61J00 000,2 ,Spare Part,Stockable Product
SUZUKI SHOCK BREKER BLKNG  APV 41700-61J10-000,3 ,Spare Part,Stockable Product
SUZUKI SHOCK BREKER DEPAN APV 41601-61JOO-000,0 ,Spare Part,Stockable Product
SUZUKI SUPPORT41710-80J00,1 ,Spare Part,Stockable Product
SUZUKI TENSIONER NEP51-002B-6 APV,3 ,Spare Part,Stockable Product
SUZUKI TIMING BELT 95141-61J20-000,0 ,Spare Part,Stockable Product
SUZUKI TIMING BELT APV 12761-71C20-000,0 ,Spare Part,Stockable Product
SUZUKI VAN BELT 17521-86550 L 000,2 ,Spare Part,Stockable Product
SUZUKI VAN BELT APV 95141-61J10-000,1 ,Spare Part,Stockable Product
TOP 1 ATF LITER,28 ,Oli,Stockable Product
TOP 1 BRAKE FLUID DOT3,59 ,Oli,Stockable Product
TOP 1 EVOLUTION SAE 10/60  LITER,0 ,Oli,Stockable Product
TOP 1 HP PLUS SAE 10/30 GALON,0 ,Oli,Stockable Product
TOP 1 HP PLUS SAE 10/30 LITER,7 ,Oli,Stockable Product
TOP 1 HP PLUS SAE 10/40 GALON,27 ,Oli,Stockable Product
TOP 1 HP PLUS SAE 10/40 LITER,461 ,Oli,Stockable Product
TOP 1 HP PLUS SAE 5/30 GALON,14 ,Oli,Stockable Product
TOP 1 HP PLUS SAE 5/30 LITER,24 ,Oli,Stockable Product
TOP 1 HP SPORT 15/50 GALON,6 ,Oli,Stockable Product
TOP 1 HP SPORT SAE 15W 50 LTR,18 ,Oli,Stockable Product
TOP 1 OIL FILTER OC-18020,36 ,Spare Part,Stockable Product
TOP 1 SUPER PLUS SAE 15/50 LITER,2 ,Oli,Stockable Product
TOP 1 SYNTETIC DIESEL OIL SAE 15/40 GALON,11 ,Oli,Stockable Product
TOP 1 SYNTETIC DIESEL OIL SAE 15/40 LITER,92 ,Oli,Stockable Product
TOP 1 SYNTETIC GEAR LITER,47 ,Oli,Stockable Product
TOP 1 SYNTETIC GEAR LITER ( DRUM ),13 ,Oli,Stockable Product
TOP 1 SYNTETIC MOTOR OIL SAE 20/50 GALON,20 ,Oli,Stockable Product
TOP 1 SYNTETIC MOTOR OIL SAE 20/50 LITER,77 ,Oli,Stockable Product
TOP 1 ZENZATION SAE 10/40 GALON,26 ,Oli,Stockable Product
TOP 1 ZENZATION SAE 10/40 LITER,50 ,Oli,Stockable Product
TOTAL 7000 SM SAE 10/40 GALON,22 ,Oli,Stockable Product
TOTAL 7000 SM SAE 10/40 LITER,70 ,Oli,Stockable Product
TOTAL ATF DEXTRON III,1 ,Oli,Stockable Product
TOYOTA  AIR  FILTER 07801-74020,1 ,Spare Part,Stockable Product
TOYOTA  KOPLING AVANZA 1.3,4 ,Spare Part,Stockable Product
TOYOTA ABSORBER 48510-BZ120,5 ,Spare Part,Stockable Product
TOYOTA ABSORBER 48520-BZ120,4 ,Spare Part,Stockable Product
TOYOTA ABSORBER 48531-09430,4 ,Spare Part,Stockable Product
TOYOTA ABSORBER A/S FR RH 48510-09K40,0 ,Spare Part,Stockable Product
TOYOTA ABSORBER BELAKANG (ALTIS),0 ,Spare Part,Stockable Product
TOYOTA ABSORBER LH 48520-09R50 (INOVA ),11 ,Spare Part,Stockable Product
TOYOTA ABSORBER RH 48510-09Y40 (INOVA),13 ,Spare Part,Stockable Product
TOYOTA ABSORDER RE AR R/L 48531 OB090,0 ,Spare Part,Stockable Product
TOYOTA AIR FILTER 17801 05040,0 ,Spare Part,Stockable Product
TOYOTA AIR FILTER 17801 06010,0 ,Spare Part,Stockable Product
TOYOTA AIR FILTER 17801 11080,2 ,Spare Part,Stockable Product
TOYOTA AIR FILTER 17801 15060,2 ,Spare Part,Stockable Product
TOYOTA AIR FILTER 17801 20040,2 ,Spare Part,Stockable Product
TOYOTA AIR FILTER 17801 21030,1 ,Spare Part,Stockable Product
TOYOTA AIR FILTER 17801 35030,0 ,Spare Part,Stockable Product
TOYOTA AIR FILTER 17801 BZ010,0 ,Spare Part,Stockable Product
TOYOTA AIR FILTER 17801 BZ020,0 ,Spare Part,Stockable Product
TOYOTA AIR FILTER 17801 BZ050,10 ,Spare Part,Stockable Product
TOYOTA AIR FILTER 17801 OC010,3 ,Spare Part,Stockable Product
TOYOTA AIR FILTER 17801 OD030,0 ,Spare Part,Stockable Product
TOYOTA AIR FILTER 17801 YZC01,4 ,Spare Part,Stockable Product
TOYOTA AIR FILTER 17801-0H030,1 ,Spare Part,Stockable Product
TOYOTA AIR FILTER 17801-0M010,4 ,Spare Part,Stockable Product
TOYOTA AIR FILTER 17801-0M020,15 ,Spare Part,Stockable Product
TOYOTA AIR FILTER 17801-15070,5 ,Spare Part,Stockable Product
TOYOTA AIR FILTER 17801-22020,0 ,Spare Part,Stockable Product
TOYOTA AIR FILTER 17801-31120,1 ,Spare Part,Stockable Product
TOYOTA AIR FILTER 17801-74020,0 ,Spare Part,Stockable Product
TOYOTA AIR FILTER 17801-YZ C 01,0 ,Spare Part,Stockable Product
TOYOTA AIR FILTER 17801-YZZZ1,2 ,Spare Part,Stockable Product
TOYOTA ATF TYPE T IV GALON (4),14 ,Oli,Stockable Product
TOYOTA ATF WS,24 ,Oli,Stockable Product
TOYOTA BALL JOIN AVANZA 43330-BZ010-83,3 ,Spare Part,Stockable Product
TOYOTA BALL JOIN INNOVA 43310-09015 ATAS,4 ,Spare Part,Stockable Product
TOYOTA BALL JOINT 43310-09015,9 ,Spare Part,Stockable Product
TOYOTA BALL JOINT 43330-09510,7 ,Spare Part,Stockable Product
TOYOTA BALL JOINT 43330-19095,0 ,Spare Part,Stockable Product
TOYOTA BALL JOINT UPPER BALL 43350-09040,6 ,Spare Part,Stockable Product
TOYOTA BEARING 9004A-36087,4 ,Spare Part,Stockable Product
TOYOTA BEARING 90366-T0008,3 ,Spare Part,Stockable Product
TOYOTA BEARING BLKG 3DACF026F7AS (ALTIS),0 ,Spare Part,Stockable Product
TOYOTA BEARING DPN COROLLA,1 ,Spare Part,Stockable Product
TOYOTA BEARING FR NSK 45BWD10 (CAMRY),0 ,Spare Part,Stockable Product
TOYOTA BEARING RADIAL BALL 9004 A -36087,0 ,Spare Part,Stockable Product
TOYOTA BEARING RADIAL BALL 90043-63368,9 ,Spare Part,Stockable Product
TOYOTA BEARING RADIAL BALL 9004A-36012,2 ,Spare Part,Stockable Product
TOYOTA BEARING RD DPN 9004A-36092,4 ,Spare Part,Stockable Product
TOYOTA BEARING TENSIONER NTN 0741417,1 ,Spare Part,Stockable Product
TOYOTA BOOT RACK END ES-45535-22080,0 ,Spare Part,Stockable Product
TOYOTA BOSS ARM BESAR 4863-28010,0 ,Spare Part,Stockable Product
TOYOTA BOSS ARM KECIL 48632-27010,0 ,Spare Part,Stockable Product
TOYOTA BOSS ARM KIJANG 48632-39016,1 ,Spare Part,Stockable Product
TOYOTA BOSS BELAKANG AVANZA,1 ,Spare Part,Stockable Product
TOYOTA BOSS KIJANG 48635-28JO,0 ,Spare Part,Stockable Product
TOYOTA BOSS SAYAP KIJANG 4863528010,4 ,Spare Part,Stockable Product
TOYOTA BRAKE FLUID DOT 3,97 ,Oli,Stockable Product
TOYOTA BRAKE PAD 04465 0K010,1 ,Spare Part,Stockable Product
TOYOTA BRAKE PAD 04465-52260 (YARIS),1 ,Spare Part,Stockable Product
TOYOTA BRAKE PAD 04465-YZZQ5 (FORTUNER 2008),0 ,Spare Part,Stockable Product
TOYOTA BRAKE PAD 04465-YZZQ8,11 ,Spare Part,Stockable Product
TOYOTA BRAKE PAD 04465-YZZZ1,2 ,Spare Part,Stockable Product
TOYOTA BRAKE PAD KIT 04465 OK 100 INNOVA,6 ,Spare Part,Stockable Product
TOYOTA BRAKE PAD KIT 04465-33240,0 ,Spare Part,Stockable Product
TOYOTA BRAKE PAD KIT 04465-BZ010,54 ,Spare Part,Stockable Product
TOYOTA BRAKE PAD KIT 04465-YZZ53,3 ,Spare Part,Stockable Product
TOYOTA BRAKE PAD KIT 04465-YZZE2,3 ,Spare Part,Stockable Product
TOYOTA BRAKE PAD KIT 04466-33090,0 ,Spare Part,Stockable Product
TOYOTA BRAKE PAD KIT 04495-BZ050,1 ,Spare Part,Stockable Product
TOYOTA BRAKE SHOE 04495-0K040,1 ,Spare Part,Stockable Product
TOYOTA BRAKE SHOE 04495-0K120,3 ,Spare Part,Stockable Product
TOYOTA BRAKE SHOE KIJANG 04495-0B010,0 ,Spare Part,Stockable Product
TOYOTA BUMPER SPRING 48341-BZ010,0 ,Spare Part,Stockable Product
TOYOTA CABLE A/S CLUTCH 31340-BZ020,1 ,Spare Part,Stockable Product
TOYOTA CABLE ASSY PARKING 46420-BZ012,1 ,Spare Part,Stockable Product
TOYOTA CABLE ASSY PARKING 46430-BZ012,3 ,Spare Part,Stockable Product
TOYOTA CABLE ASSY SPDMETER 83710-BZ021,0 ,Spare Part,Stockable Product
TOYOTA COIL 19070-BZ060 AVANZA,1 ,Spare Part,Stockable Product
TOYOTA COIL 90919-02265 VIOS,1 ,Spare Part,Stockable Product
TOYOTA COIL 90919-T2001 INNOVA,0 ,Spare Part,Stockable Product
TOYOTA COVER 31210-BZ081,3 ,Spare Part,Stockable Product
TOYOTA COVER ASSY CLUTH 31210-0B020,1 ,Spare Part,Stockable Product
TOYOTA COVER CLUTCH 31210-BZ081,0 ,Spare Part,Stockable Product
TOYOTA COVER CLUTCH INNOVA 31210-0K101,3 ,Spare Part,Stockable Product
TOYOTA CROS JOINT INNOVA 04371-0K060,2 ,Spare Part,Stockable Product
TOYOTA CROS JOINT KIJANG 04371-22010,1 ,Spare Part,Stockable Product
TOYOTA CYLINDER KIT 04478-BZ060,0 ,Spare Part,Stockable Product
TOYOTA CYLINDER KIT JAPAN 04478-BZ010,3 ,Spare Part,Stockable Product
TOYOTA CYLINDIR KIT 04479-28010,1 ,Spare Part,Stockable Product
TOYOTA CYLINDIR KIT 04479-BZ010,0 ,Spare Part,Stockable Product
TOYOTA DEKRUP AVANZA 31210-BZ020,3 ,Spare Part,Stockable Product
TOYOTA DISC A/S  31250 BZ 130,0 ,Spare Part,Stockable Product
TOYOTA DISC A/S CLUTCH 31250-BZ080,3 ,Spare Part,Stockable Product
TOYOTA DISC ASSY CLUTCH INNOVA 31250-0K080,3 ,Spare Part,Stockable Product
TOYOTA DISC FRONT 43512 OB 010 KIJANG CARB,2 ,Spare Part,Stockable Product
TOYOTA DISC FRONT 43512 -OB030 KIJANG EFI,0 ,Spare Part,Stockable Product
TOYOTA DISC FRONT43512- OK 020 INNOVA,0 ,Spare Part,Stockable Product
TOYOTA DRAG LAHAR,6 ,Spare Part,Stockable Product
TOYOTA DYNA AIR FILTER BHL10-01130,2 ,Spare Part,Stockable Product
TOYOTA DYNA OIL FILTER 17-1700,1 ,Spare Part,Stockable Product
TOYOTA END TIE ROD AVANZA,5 ,Spare Part,Stockable Product
TOYOTA END TIE ROD AVANZA,0 ,Spare Part,Stockable Product
TOYOTA END TIEROD 45046-29186,1 ,Spare Part,Stockable Product
TOYOTA END TIEROD INNOVA 45046-09261,3 ,Spare Part,Stockable Product
TOYOTA END TIEROD SE 2161(45046-29075),0 ,Spare Part,Stockable Product
TOYOTA END TIEROD SE2692(45406-29155),0 ,Spare Part,Stockable Product
TOYOTA ENDTIEROD 45046-19175,5 ,Spare Part,Stockable Product
TOYOTA FANBELT 9004A-91019,11 ,Spare Part,Stockable Product
TOYOTA FANBELT 90083-5PK970,0 ,Spare Part,Stockable Product
TOYOTA FANBELT 9008-92014 KIJANG EFI 1.8 CC,2 ,Spare Part,Stockable Product
TOYOTA FANBELT AVANZA 1.5 9004A-91033,5 ,Spare Part,Stockable Product
TOYOTA FANBELT AVANZA VELOZ 9004A-91059,3 ,Spare Part,Stockable Product
TOYOTA FANBELT GREAT COROLLA 90080-91232,1 ,Spare Part,Stockable Product
TOYOTA FANBELT INNOVA 90916-02636,0 ,Spare Part,Stockable Product
TOYOTA FANBELT INNOVA BENSIN,4 ,Spare Part,Stockable Product
TOYOTA FANBELT INNOVA DIESEL,2 ,Spare Part,Stockable Product
TOYOTA FANBELT KIJANG 1.8,4 ,Spare Part,Stockable Product
TOYOTA FANBELT KIJANG 90080-92014,2 ,Spare Part,Stockable Product
TOYOTA FANBELT KIJANG 90080-92023,2 ,Spare Part,Stockable Product
TOYOTA FANBELT KIJANG 90082-93003,2 ,Spare Part,Stockable Product
TOYOTA FANBELT KIJANG DIESEL 99332-51030,3 ,Spare Part,Stockable Product
TOYOTA FANBELT VELOZ 9004A-91057,2 ,Spare Part,Stockable Product
TOYOTA FANBELT YARIS 90916-T2028,0 ,Spare Part,Stockable Product
TOYOTA FUEL FILTER 23030-13010,1 ,Spare Part,Stockable Product
TOYOTA FUEL FILTER 23300 06010,17 ,Spare Part,Stockable Product
TOYOTA FUEL FILTER 23300 19545,1 ,Spare Part,Stockable Product
TOYOTA FUEL FILTER 23300 75140,5 ,Spare Part,Stockable Product
TOYOTA FUEL FILTER 23300 79515,1 ,Spare Part,Stockable Product
TOYOTA FUEL FILTER 23300-75160,6 ,Spare Part,Stockable Product
TOYOTA FUEL FILTER 23303 54072,5 ,Spare Part,Stockable Product
TOYOTA FUEL FILTER 23390 - 0L010  INNOVA SOLAR,0 ,Spare Part,Stockable Product
TOYOTA FUEL FILTER 23390 0L041 (INNOVA),2 ,Spare Part,Stockable Product
TOYOTA FUEL FILTER INNOVA 23390-YZZA1,4 ,Spare Part,Stockable Product
TOYOTA FUEL FILTER23300 19285,0 ,Spare Part,Stockable Product
TOYOTA GASKET CYLHEAD 11213-BZ010,2 ,Spare Part,Stockable Product
TOYOTA GASKET CYLINDER 11213-0C010,4 ,Spare Part,Stockable Product
TOYOTA GASKET CYLINDER 11214-0C010,0 ,Spare Part,Stockable Product
TOYOTA HOSE SELANG FLEKSIBEL OLI 90923-02077,1 ,Spare Part,Stockable Product
TOYOTA IDLER SUB-ASSY 13505-67041,0 ,Spare Part,Stockable Product
TOYOTA INNOVA BENSIN KOPLING SET,0 ,Spare Part,Stockable Product
TOYOTA INNOVA DIESEL KOPLING SET,0 ,Spare Part,Stockable Product
TOYOTA JOIN UPPER BALL INNOVA 43310-09015,2 ,Spare Part,Stockable Product
TOYOTA JOINT ASSY LWR BALL 43330 09110,6 ,Spare Part,Stockable Product
TOYOTA JOINT ASSY LWR BALL 43330-09510,2 ,Spare Part,Stockable Product
TOYOTA JOINT ASSY UPPER BALL 43350 09040,2 ,Spare Part,Stockable Product
TOYOTA KIJANG LAHAR DEPAN SET,27 ,Spare Part,Stockable Product
TOYOTA KIT CALIPER AVANZA 04478-BZ060,0 ,Spare Part,Stockable Product
TOYOTA KIT MASTER KOPLING ATAS,3 ,Spare Part,Stockable Product
TOYOTA KOIL 90919-02265 (VIOS),0 ,Spare Part,Stockable Product
TOYOTA KOIL INNOVA 90919-T2008,2 ,Spare Part,Stockable Product
TOYOTA KOPLING SET AVANZA 1.3,2 ,Spare Part,Stockable Product
TOYOTA KOPLING SET AVANZA 1500,5 ,Spare Part,Stockable Product
TOYOTA KOPLING SET INNOVA BENSIN,0 ,Spare Part,Stockable Product
TOYOTA KOPLING SET KIJANG 1800 CC,0 ,Spare Part,Stockable Product
TOYOTA KOPLING SET KIJANG 2000 CC,1 ,Spare Part,Stockable Product
TOYOTA KOPLING SET VIOS,0 ,Spare Part,Stockable Product
TOYOTA LINK STABIL 48820-B0010,3 ,Spare Part,Stockable Product
TOYOTA LOWER ARM KIJANG HKR 48068-28040,5 ,Spare Part,Stockable Product
TOYOTA MASTER KOPLING ATAS 31410-38040,0 ,Spare Part,Stockable Product
TOYOTA MASTER REM ATAS 5K,1 ,Spare Part,Stockable Product
TOYOTA MASTER REM AVANZA 47201-BZ120,2 ,Spare Part,Stockable Product
TOYOTA MOTOR & PUMP AS FR 85330-BZ010 (WIFER),2 ,Spare Part,Stockable Product
TOYOTA MOTOR & PUMP AS RR 85330-BZ020 (WIFER),1 ,Spare Part,Stockable Product
TOYOTA MOTOR ASSY FAN AVANZA AE263500-608030,8 ,Spare Part,Stockable Product
TOYOTA MOTOR KOPLING ATAS KIJANG,1 ,Spare Part,Stockable Product
TOYOTA MOTOR OIL DIESEL  CF4 GALON,76 ,Oli,Stockable Product
TOYOTA MOTOR OIL DIESEL  CF4 LITER,94 ,Oli,Stockable Product
TOYOTA MOTOR OIL DIESEL  CH4 GALON,19 ,Oli,Stockable Product
TOYOTA MOTOR OIL DIESEL  CH4 LITER,12 ,Oli,Stockable Product
TOYOTA MOTOR OIL SAE 10/30 GALON,68 ,Oli,Stockable Product
TOYOTA MOTOR OIL SAE 10/30 LITER,93 ,Oli,Stockable Product
TOYOTA MOTOR OIL SAE 10/40 GALON,149 ,Oli,Stockable Product
TOYOTA MOTOR OIL SAE 10/40 LITER,21 ,Oli,Stockable Product
TOYOTA MOTOR OIL SAE 5/30 GALON,8 ,Oli,Stockable Product
TOYOTA MOTOR OIL SAE 5/30 LITER,15 ,Oli,Stockable Product
TOYOTA OIL FILTER 15601-BZ010,20 ,Spare Part,Stockable Product
TOYOTA OIL FILTER 90915 30002,0 ,Spare Part,Stockable Product
TOYOTA OIL FILTER 90915 TB001,89 ,Spare Part,Stockable Product
TOYOTA OIL FILTER 90915 TD004,3 ,Spare Part,Stockable Product
TOYOTA OIL FILTER 90915 TE001,4 ,Spare Part,Stockable Product
TOYOTA OIL FILTER 90915 YZZCS,0 ,Spare Part,Stockable Product
TOYOTA OIL FILTER 90915 YZZD2,31 ,Spare Part,Stockable Product
TOYOTA OIL FILTER 90915 YZZD4,33 ,Spare Part,Stockable Product
TOYOTA OIL FILTER 90915 YZZE1,121 ,Spare Part,Stockable Product
TOYOTA OIL FILTER 90915-30002,5 ,Spare Part,Stockable Product
TOYOTA OIL FILTER 90915-YZZE2,3 ,Spare Part,Stockable Product
TOYOTA OIL FILTER 90915-YZZZ1,25 ,Spare Part,Stockable Product
TOYOTA OIL FILTER 90915-YZZZ2,24 ,Spare Part,Stockable Product
TOYOTA PACKING LABEL 16360-BZ080,0 ,Spare Part,Stockable Product
TOYOTA PAD KID 04465 12592 VIOS/ALTIS,0 ,Spare Part,Stockable Product
TOYOTA PAD KIT 04465-06110,0 ,Spare Part,Stockable Product
TOYOTA PAD KIT 04465-0D030,0 ,Spare Part,Stockable Product
TOYOTA PAD KIT 04465-33240,0 ,Spare Part,Stockable Product
TOYOTA PAD KIT 04465-52240,0 ,Spare Part,Stockable Product
TOYOTA PAD KIT 04465-52260,0 ,Spare Part,Stockable Product
TOYOTA PAD KIT 04466-32050,0 ,Spare Part,Stockable Product
TOYOTA PAD KIT DIS BRAKE 04465 0B020,3 ,Spare Part,Stockable Product
TOYOTA PAD KIT DISC 04465-0K020,1 ,Spare Part,Stockable Product
TOYOTA PAD KIT DISC BRAKE 04465 0B030,0 ,Spare Part,Stockable Product
TOYOTA PAD KIT DISC BRAKE 04465 33240,0 ,Spare Part,Stockable Product
TOYOTA PAD KIT DISC BRAKE 04465-YZZ50,0 ,Spare Part,Stockable Product
TOYOTA PAD KIT DISC BRAKE 04495 - BZ010,2 ,Spare Part,Stockable Product
TOYOTA PAD KIT DISC BRAKE 81465 BZ0410,0 ,Spare Part,Stockable Product
TOYOTA PAD KIT DISC BRK 04465-0K100,0 ,Spare Part,Stockable Product
TOYOTA PAD KIT DISK 04495-OBO20,0 ,Spare Part,Stockable Product
TOYOTA PAD KIT REAR 04495-0K040,1 ,Spare Part,Stockable Product
TOYOTA PAKCING LABEL,18 ,Spare Part,Stockable Product
TOYOTA PISTON DISC BRAKE 47731-BZ010,2 ,Spare Part,Stockable Product
TOYOTA PISTON P-166,1 ,Spare Part,Stockable Product
TOYOTA PULLEY A/S 13470-BZ011,1 ,Spare Part,Stockable Product
TOYOTA RACK END 45503-09321 INNOVA (555),1 ,Spare Part,Stockable Product
TOYOTA RACK END 45503-19235 (SOLUNA),0 ,Spare Part,Stockable Product
TOYOTA RACK END 45503-OBO20,2 ,Spare Part,Stockable Product
TOYOTA RACK END 555 SR-3750 (CAMRY),0 ,Spare Part,Stockable Product
TOYOTA RACK END 7K 45503-59035,8 ,Spare Part,Stockable Product
TOYOTA RACK END AVANZA 45503 BZ010,2 ,Spare Part,Stockable Product
TOYOTA RACK END COROLLA 45503-29365,0 ,Spare Part,Stockable Product
TOYOTA RACK END SR-3750 45503-39225,2 ,Spare Part,Stockable Product
TOYOTA RACK END SR3870 JP,2 ,Spare Part,Stockable Product
TOYOTA RACK END SR711 JEPANG,0 ,Spare Part,Stockable Product
TOYOTA RETAINER 42423-BZ010,2 ,Spare Part,Stockable Product
TOYOTA SENSOR CLEP UP 89690-87Z01,0 ,Spare Part,Stockable Product
TOYOTA SENSOR TROTOL BODY AVANZA/XENIA,3 ,Spare Part,Stockable Product
TOYOTA SHOCK ABSORBER  48500-09020,0 ,Spare Part,Stockable Product
TOYOTA SHOCK ABSORBER 48510 09X20,1 ,Spare Part,Stockable Product
TOYOTA SHOCK ABSORBER 48510-09N51,0 ,Spare Part,Stockable Product
TOYOTA SHOCK ABSORBER 48510-09Y40,14 ,Spare Part,Stockable Product
TOYOTA SHOCK ABSORBER 48510-BZ070,4 ,Spare Part,Stockable Product
TOYOTA SHOCK ABSORBER 48510-BZ300 RUSH,1 ,Spare Part,Stockable Product
TOYOTA SHOCK ABSORBER 48510-BZ560 RUSH,0 ,Spare Part,Stockable Product
TOYOTA SHOCK ABSORBER 48510-BZ560-001,2 ,Spare Part,Stockable Product
TOYOTA SHOCK ABSORBER 48520 09Q20,0 ,Spare Part,Stockable Product
TOYOTA SHOCK ABSORBER 48520 BZ -070 AVANZA,0 ,Spare Part,Stockable Product
TOYOTA SHOCK ABSORBER 48520-09C90,2 ,Spare Part,Stockable Product
TOYOTA SHOCK ABSORBER 48520-09G01/09Q21,0 ,Spare Part,Stockable Product
TOYOTA SHOCK ABSORBER 48520-09R50,2 ,Spare Part,Stockable Product
TOYOTA SHOCK ABSORBER 48520-BZ090 RUSH,1 ,Spare Part,Stockable Product
TOYOTA SHOCK ABSORBER 48520-BZ090-001,2 ,Spare Part,Stockable Product
TOYOTA SHOCK ABSORBER 48520-BZ280 RUSH,1 ,Spare Part,Stockable Product
TOYOTA SHOCK ABSORBER 48530-0D250,2 ,Spare Part,Stockable Product
TOYOTA SHOCK ABSORBER 48531- OB090,1 ,Spare Part,Stockable Product
TOYOTA SHOCK ABSORBER 48531-BZ 090 AVANZA,1 ,Spare Part,Stockable Product
TOYOTA SHOCK ABSORBER 48531-BZ060,16 ,Spare Part,Stockable Product
TOYOTA SHOE KIT 04495-BZ010,5 ,Spare Part,Stockable Product
TOYOTA SHOE KIT BRAKE 04495-OBO20,0 ,Spare Part,Stockable Product
TOYOTA SPIDER KIT (JOINT KOPEL) 04371-2201,3 ,Spare Part,Stockable Product
TOYOTA STABILIZER 90043-85149,8 ,Spare Part,Stockable Product
TOYOTA STABILIZER BUSH 48815-BZ010,2 ,Spare Part,Stockable Product
TOYOTA STABILIZER BUSH 48815-OBO30-A,0 ,Spare Part,Stockable Product
TOYOTA STRUT BAR 48674-30042,13 ,Spare Part,Stockable Product
TOYOTA SUPPORT 48609- OD080,0 ,Spare Part,Stockable Product
TOYOTA SUPPORT JAPAN AVANZA 48609-BZ010,8 ,Spare Part,Stockable Product
TOYOTA SUPPORT SHOCK AVANZA 48609-BZ010,7 ,Spare Part,Stockable Product
TOYOTA SUPPORT SHOCK AVANZA 48609-BZ010 JAPAN STR,0 ,Spare Part,Stockable Product
TOYOTA SUPPORT YARIS 48609-OD050,3 ,Spare Part,Stockable Product
TOYOTA SWITCH LAMSAM,1 ,Spare Part,Stockable Product
TOYOTA TENSIONER ASSY 13540-67020,0 ,Spare Part,Stockable Product
TOYOTA TIMING BELT 13568-59106,0 ,Spare Part,Stockable Product
TOYOTA TIMING BELT INNOVA DIESEL 13568 39016,1 ,Spare Part,Stockable Product
TOYOTA TUTUP RADIATOR 022510 - 4791,0 ,Spare Part,Stockable Product
TOYOTA VANBELT 9004A-91019,4 ,Spare Part,Stockable Product
TUBE 560/645/550 13(TR13),23 ,Tube,Stockable Product
TUBE 600/640/700-14 (TR13),17 ,Tube,Stockable Product
TUBE 650/700/750-15(TR75),11 ,Tube,Stockable Product
TUBE 700/750-16 TR177A,0 ,Tube,Stockable Product
TUBE H78/760/710-15 (TR13),1 ,Tube,Stockable Product
TUBE SWALLOW 5.50-13 TR 13,0 ,Tube,Stockable Product
TUBE SWALLOW 6.00-14 TR 13,0 ,Tube,Stockable Product
TUBE SWALLOW 6.50/7.00-16 TR 76A,8 ,Tube,Stockable Product
VELG,155 ,Velg,Stockable Product
YUASA 555-59,1 ,Accu,Stockable Product
YUASA N 50 Z,0 ,Accu,Stockable Product
YUASA N 50 ZL,1 ,Accu,Stockable Product
YUASA N 70 Z,2 ,Accu,Stockable Product
YUASA N 70 Z HYBRID,1 ,Accu,Stockable Product
YUASA NS 40,1 ,Accu,Stockable Product
YUASA NS 40 Z,0 ,Accu,Stockable Product
YUASA NS 40 ZL,1 ,Accu,Stockable Product
YUASA NS 40 ZLS,1 ,Accu,Stockable Product
YUASA NS 60,3 ,Accu,Stockable Product
YUASA NS 60 L,2 ,Accu,Stockable Product
YUASA NS 60 LS,3 ,Accu,Stockable Product
YUASA NS 60 S,1 ,Accu,Stockable Product
YUASA NS 70,2 ,Accu,Stockable Product
,,,
,,,
,,,
,,,
,,,
,,,
,,,
,,,
,,,
,,,
,,,
,,,
,,,
,,,
,,,
,,,
,,,
,,,
,,,
,,,
,,,
,,,
,,,
,,,
,,,
,,,
,,,
,,,
,,,
,,,
,,,
,,,
,,,
,,,
,,,
,,,
,,,
,,,
,,,
,,,
,,,
,,,
,,,
,,,
,,,
,,,
,,,
,,,
,,,
,,,
,,,
,,,
,,,
,,,
,,,
,,,
,,,
,,,
,,,
,,,
,,,
,,,
,,,
,,,
,,,
,,,
,,,
,,,
,,,
,,,
,,,
,,,
,,,
,,,
,,,
,,,
,,,
,,,
,,,
,,,
,,,
,,,
,,,
,,,
,,,
,,,
,,,
,,,
,,,
,,,
,,,
,,,
,,,
,,,
,,,
,,,
,,,
,,,
,,,
,,,
,,,
,,,
,,,
,,,
,,,
,,,
,,,
,,,
,,,
,,,
,,,
,,,
,,,
,,,
,,,
,,,
,,,
,,,
,,,
,,,
,,,
,,,
,,,
,,,
,,,
,,,
,,,
,,,
,,,
,,,
,,,
,,,
,,,
,,,
,,,
,,,
,,,
,,,
,,,
,,,
,,,
,,,
,,,
,,,
,,,
,,,
,,,
,,,
,,,
,,,
,,,
,,,
,,,
,,,
,,,
,,,
,,,
,,,
,,,
,,,
,,,
,,,
,,,
,,,
,,,
,,,
,,,
,,,
,,,
,,,
,,,
,,,
,,,
,,,
,,,
,,,
,,,
,,,
,,,
,,,
,,,
,,,
,,,
,,,
,,,
,,,
,,,
,,,
,,,
,,,
,,,
,,,
,,,
,,,
,,,
,,,
,,,
,,,
,,,
,,,
,,,
,,,
,,,
,,,
,,,
,,,
,,,
,,,
,,,
,,,
,,,
,,,
,,,
,,,
,,,
,,,
,,,
,,,
,,,
,,,
,,,
,,,
,,,
,,,
,,,
,,,
,,,
,,,
,,,
,,,
,,,
,,,
,,,
,,,
,,,
,,,
,,,
,,,
,,,
,,,
,,,
,,,
,,,
,,,
,,,
,,,
,,,
,,,
,,,
,,,
,,,
,,,
,,,
,,,
,,,
,,,
,,,
,,,
,,,
,,,
,,,
,,,
,,,
,,,
,,,
,,,
,,,
,,,
,,,
,,,
,,,
,,,
,,,
,,,
,,,
,,,
,,,
,,,
,,,
,,,
,,,
,,,
,,,
,,,
,,,
,,,
,,,
,,,
,,,
,,,
,,,
,,,
,,,
,,,
,,,
,,,
,,,
,,,
,,,
,,,
,,,
,,,
,,,
,,,
,,,
,,,
,,,
,,,
,,,
,,,
,,,
,,,
,,,
,,,
,,,
,,,
,,,
,,,
,,,
,,,
,,,
,,,
,,,
,,,
,,,
,,,
,,,
,,,
,,,
,,,
,,,
,,,
,,,
,,,
,,,
,,,
,,,
,,,
,,,
,,,
,,,
,,,
,,,
,,,
,,,
,,,
,,,
,,,
,,,
,,,
,,,
,,,
,,,
,,,
,,,
,,,
,,,
,,,
,,,
,,,
,,,
,,,
,,,
,,,
,,,
,,,
,,,
,,,
,,,
,,,
,,,
,,,
,,,
,,,
,,,
,,,
,,,
,,,
,,,
,,,
,,,
,,,
,,,
,,,
,,,
,,,
,,,
,,,
,,,
,,,
,,,
,,,
,,,
,,,
,,,
,,,
,,,
,,,
,,,
,,,
,,,
,,,
,,,
,,,
,,,
,,,
,,,
,,,
,,,
,,,
,,,
,,,
,,,
,,,
,,,
,,,
,,,
,,,
,,,
,,,
,,,
,,,
,,,
,,,
,,,
,,,
,,,
,,,
,,,
,,,
,,,
,,,
,,,
,,,
,,,
,,,
,,,
,,,
,,,
,,,
,,,
,,,
,,,
,,,
,,,
,,,
,,,
,,,
,,,
,,,
,,,
,,,
,,,
,,,
,,,
,,,
,,,
,,,
,,,
,,,
,,,
,,,
,,,
,,,
,,,
,,,
,,,
,,,
,,,
,,,
,,,
,,,
,,,
,,,
,,,
,,,
,,,
,,,
,,,
,,,
,,,
,,,
,,,
,,,
,,,
,,,
,,,
,,,
,,,
,,,
,,,
,,,
,,,
,,,
,,,
,,,
,,,
,,,
,,,
,,,
,,,
,,,
,,,
,,,
,,,
,,,
,,,
,,,
,,,
,,,
,,,
,,,
,,,
,,,
,,,
,,,
,,,
,,,
,,,
,,,
,,,
,,,
,,,
,,,
,,,
,,,
,,,
,,,
,,,
,,,
,,,
,,,
,,,
,,,
,,,
,,,
,,,
,,,
,,,
,,,
,,,
,,,
,,,
,,,
,,,
,,,
,,,
,,,
,,,
,,,
,,,
,,,
,,,
,,,
,,,
,,,
,,,
,,,
,,,
,,,
,,,
,,,
,,,
,,,
,,,
,,,
,,,
,,,
,,,
,,,
,,,
,,,
,,,
,,,
,,,
,,,
,,,
,,,
,,,
,,,
,,,
,,,
,,,
,,,
,,,
,,,
,,,
,,,
,,,
,,,
,,,
,,,
,,,
,,,
,,,
,,,
,,,
,,,
,,,
,,,
,,,
,,,
,,,
,,,
,,,
,,,
,,,
,,,
,,,
,,,
,,,
,,,
,,,
,,,
,,,
,,,
,,,
,,,
,,,
,,,
,,,
,,,
,,,
,,,
,,,
,,,
,,,
,,,
,,,
,,,
,,,
,,,
,,,
,,,
,,,
,,,
,,,
,,,
,,,
,,,
,,,
,,,
,,,
,,,
,,,
,,,
,,,
,,,
,,,
,,,
,,,
,,,
,,,
,,,
,,,
,,,
,,,
,,,
,,,
,,,
,,,
,,,
,,,
,,,
,,,
,,,
,,,
,,,
,,,
,,,
,,,
,,,
,,,
,,,
,,,
,,,
,,,
,,,
,,,
,,,
,,,
,,,
,,,
,,,
,,,
,,,
,,,
,,,
,,,
,,,
,,,
,,,
,,,
,,,
,,,
,,,
,,,
,,,
,,,
,,,
,,,
,,,
,,,
,,,
,,,
,,,
,,,
,,,
,,,
,,,
,,,
,,,
,,,
,,,
,,,
,,,
,,,
,,,
,,,
,,,
,,,
,,,
,,,
,,,
,,,
,,,
,,,
,,,
,,,
,,,
,,,
,,,
,,,
,,,
,,,
,,,
,,,
,,,
,,,
,,,
,,,
,,,
,,,
,,,
,,,
,,,
,,,
,,,
,,,
,,,
,,,
,,,
,,,
,,,
,,,
,,,
,,,
,,,
,,,
,,,
,,,
,,,
,,,
,,,
,,,
,,,
,,,
,,,
,,,
,,,
,,,
,,,
,,,
,,,
,,,
,,,
,,,
,,,
,,,
,,,
,,,
,,,
,,,
,,,
,,,
,,,
,,,
,,,
,,,
,,,
,,,
,,,
,,,
,,,
,,,
,,,
,,,
,,,
,,,
,,,
,,,
,,,
,,,
,,,
,,,
,,,
,,,
,,,
,,,
,,,
,,,
,,,
,,,
,,,
,,,
,,,
,,,